{
 "type": "FeatureCollection",
 "features": [
  {
   "type": "Feature",
   "properties": {
    "ward_id": 0,
    "name": "Zone 0-0",
    "heat_stress": 0.0,
    "lst_anom": -3.514614934994687,
    "people": 6.689302027220712
   },
   "geometry": {
    "type": "Polygon",
    "coordinates": [
     [
      [
       76.2,
       10.091
      ],
      [
       76.209,
       10.091
      ],
      [
       76.209,
       10.1
      ],
      [
       76.2,
       10.1
      ],
      [
       76.2,
       10.091
      ]
     ]
    ]
   }
  },
  {
   "type": "Feature",
   "properties": {
    "ward_id": 1,
    "name": "Zone 0-1",
    "heat_stress": 0.0,
    "lst_anom": -3.6559227232652614,
    "people": 6.769430449408107
   },
   "geometry": {
    "type": "Polygon",
    "coordinates": [
     [
      [
       76.209,
       10.091
      ],
      [
       76.218,
       10.091
      ],
      [
       76.218,
       10.1
      ],
      [
       76.209,
       10.1
      ],
      [
       76.209,
       10.091
      ]
     ]
    ]
   }
  },
  {
   "type": "Feature",
   "properties": {
    "ward_id": 2,
    "name": "Zone 0-2",
    "heat_stress": 0.0,
    "lst_anom": -3.486078738440977,
    "people": 6.284640051463358
   },
   "geometry": {
    "type": "Polygon",
    "coordinates": [
     [
      [
       76.218,
       10.091
      ],
      [
       76.227,
       10.091
      ],
      [
       76.227,
       10.1
      ],
      [
       76.218,
       10.1
      ],
      [
       76.218,
       10.091
      ]
     ]
    ]
   }
  },
  {
   "type": "Feature",
   "properties": {
    "ward_id": 3,
    "name": "Zone 0-3",
    "heat_stress": 0.0,
    "lst_anom": -3.3249480913549916,
    "people": 7.730796309887645
   },
   "geometry": {
    "type": "Polygon",
    "coordinates": [
     [
      [
       76.227,
       10.091
      ],
      [
       76.236,
       10.091
      ],
      [
       76.236,
       10.1
      ],
      [
       76.227,
       10.1
      ],
      [
       76.227,
       10.091
      ]
     ]
    ]
   }
  },
  {
   "type": "Feature",
   "properties": {
    "ward_id": 4,
    "name": "Zone 0-4",
    "heat_stress": 0.0,
    "lst_anom": -3.439979776772183,
    "people": 5.754836780459844
   },
   "geometry": {
    "type": "Polygon",
    "coordinates": [
     [
      [
       76.236,
       10.091
      ],
      [
       76.245,
       10.091
      ],
      [
       76.245,
       10.1
      ],
      [
       76.236,
       10.1
      ],
      [
       76.236,
       10.091
      ]
     ]
    ]
   }
  },
  {
   "type": "Feature",
   "properties": {
    "ward_id": 5,
    "name": "Zone 0-5",
    "heat_stress": 0.0,
    "lst_anom": -3.5445700894422614,
    "people": 3.2757623760340437
   },
   "geometry": {
    "type": "Polygon",
    "coordinates": [
     [
      [
       76.245,
       10.091
      ],
      [
       76.254,
       10.091
      ],
      [
       76.254,
       10.1
      ],
      [
       76.245,
       10.1
      ],
      [
       76.245,
       10.091
      ]
     ]
    ]
   }
  },
  {
   "type": "Feature",
   "properties": {
    "ward_id": 6,
    "name": "Zone 0-6",
    "heat_stress": 0.0,
    "lst_anom": -3.580431594002162,
    "people": 3.6676165618708474
   },
   "geometry": {
    "type": "Polygon",
    "coordinates": [
     [
      [
       76.254,
       10.091
      ],
      [
       76.263,
       10.091
      ],
      [
       76.263,
       10.1
      ],
      [
       76.254,
       10.1
      ],
      [
       76.254,
       10.091
      ]
     ]
    ]
   }
  },
  {
   "type": "Feature",
   "properties": {
    "ward_id": 7,
    "name": "Zone 0-7",
    "heat_stress": 0.0,
    "lst_anom": -2.302569443197305,
    "people": 23.21511974449426
   },
   "geometry": {
    "type": "Polygon",
    "coordinates": [
     [
      [
       76.263,
       10.091
      ],
      [
       76.272,
       10.091
      ],
      [
       76.272,
       10.1
      ],
      [
       76.263,
       10.1
      ],
      [
       76.263,
       10.091
      ]
     ]
    ]
   }
  },
  {
   "type": "Feature",
   "properties": {
    "ward_id": 8,
    "name": "Zone 0-8",
    "heat_stress": 0.020233632430797403,
    "lst_anom": -1.3753844963556037,
    "people": 1650.4849313996235
   },
   "geometry": {
    "type": "Polygon",
    "coordinates": [
     [
      [
       76.272,
       10.091
      ],
      [
       76.281,
       10.091
      ],
      [
       76.281,
       10.1
      ],
      [
       76.272,
       10.1
      ],
      [
       76.272,
       10.091
      ]
     ]
    ]
   }
  },
  {
   "type": "Feature",
   "properties": {
    "ward_id": 9,
    "name": "Zone 0-9",
    "heat_stress": 0.03182936272761629,
    "lst_anom": -0.8211940211394679,
    "people": 1746.273129305003
   },
   "geometry": {
    "type": "Polygon",
    "coordinates": [
     [
      [
       76.281,
       10.091
      ],
      [
       76.29,
       10.091
      ],
      [
       76.29,
       10.1
      ],
      [
       76.281,
       10.1
      ],
      [
       76.281,
       10.091
      ]
     ]
    ]
   }
  },
  {
   "type": "Feature",
   "properties": {
    "ward_id": 10,
    "name": "Zone 0-10",
    "heat_stress": 0.03854178613496437,
    "lst_anom": -0.5369675097919839,
    "people": 1886.4888821455106
   },
   "geometry": {
    "type": "Polygon",
    "coordinates": [
     [
      [
       76.29,
       10.091
      ],
      [
       76.299,
       10.091
      ],
      [
       76.299,
       10.1
      ],
      [
       76.29,
       10.1
      ],
      [
       76.29,
       10.091
      ]
     ]
    ]
   }
  },
  {
   "type": "Feature",
   "properties": {
    "ward_id": 11,
    "name": "Zone 0-11",
    "heat_stress": 0.04446583364529146,
    "lst_anom": -0.3351076392109582,
    "people": 1835.0749760223018
   },
   "geometry": {
    "type": "Polygon",
    "coordinates": [
     [
      [
       76.299,
       10.091
      ],
      [
       76.308,
       10.091
      ],
      [
       76.308,
       10.1
      ],
      [
       76.299,
       10.1
      ],
      [
       76.299,
       10.091
      ]
     ]
    ]
   }
  },
  {
   "type": "Feature",
   "properties": {
    "ward_id": 12,
    "name": "Zone 0-12",
    "heat_stress": 0.05633455687008461,
    "lst_anom": 0.1447516612032491,
    "people": 1804.2715639012122
   },
   "geometry": {
    "type": "Polygon",
    "coordinates": [
     [
      [
       76.308,
       10.091
      ],
      [
       76.31700000000001,
       10.091
      ],
      [
       76.31700000000001,
       10.1
      ],
      [
       76.308,
       10.1
      ],
      [
       76.308,
       10.091
      ]
     ]
    ]
   }
  },
  {
   "type": "Feature",
   "properties": {
    "ward_id": 13,
    "name": "Zone 0-13",
    "heat_stress": 0.06298937666022215,
    "lst_anom": 0.5826666937763166,
    "people": 1827.1342989141222
   },
   "geometry": {
    "type": "Polygon",
    "coordinates": [
     [
      [
       76.31700000000001,
       10.091
      ],
      [
       76.32600000000001,
       10.091
      ],
      [
       76.32600000000001,
       10.1
      ],
      [
       76.31700000000001,
       10.1
      ],
      [
       76.31700000000001,
       10.091
      ]
     ]
    ]
   }
  },
  {
   "type": "Feature",
   "properties": {
    "ward_id": 14,
    "name": "Zone 0-14",
    "heat_stress": 0.07816345958867,
    "lst_anom": 0.8617400494571955,
    "people": 1856.4605207207535
   },
   "geometry": {
    "type": "Polygon",
    "coordinates": [
     [
      [
       76.32600000000001,
       10.091
      ],
      [
       76.33500000000001,
       10.091
      ],
      [
       76.33500000000001,
       10.1
      ],
      [
       76.32600000000001,
       10.1
      ],
      [
       76.32600000000001,
       10.091
      ]
     ]
    ]
   }
  },
  {
   "type": "Feature",
   "properties": {
    "ward_id": 15,
    "name": "Zone 0-15",
    "heat_stress": 0.06366228729252882,
    "lst_anom": 0.9782267318090133,
    "people": 1540.9416452388716
   },
   "geometry": {
    "type": "Polygon",
    "coordinates": [
     [
      [
       76.33500000000001,
       10.091
      ],
      [
       76.34400000000001,
       10.091
      ],
      [
       76.34400000000001,
       10.1
      ],
      [
       76.33500000000001,
       10.1
      ],
      [
       76.33500000000001,
       10.091
      ]
     ]
    ]
   }
  },
  {
   "type": "Feature",
   "properties": {
    "ward_id": 16,
    "name": "Zone 0-16",
    "heat_stress": 0.07738777480589983,
    "lst_anom": 1.5148587162872986,
    "people": 1536.1260150136275
   },
   "geometry": {
    "type": "Polygon",
    "coordinates": [
     [
      [
       76.34400000000001,
       10.091
      ],
      [
       76.35300000000001,
       10.091
      ],
      [
       76.35300000000001,
       10.1
      ],
      [
       76.34400000000001,
       10.1
      ],
      [
       76.34400000000001,
       10.091
      ]
     ]
    ]
   }
  },
  {
   "type": "Feature",
   "properties": {
    "ward_id": 17,
    "name": "Zone 0-17",
    "heat_stress": 0.09277436232882323,
    "lst_anom": 1.903425160873138,
    "people": 1662.8389964806934
   },
   "geometry": {
    "type": "Polygon",
    "coordinates": [
     [
      [
       76.35300000000001,
       10.091
      ],
      [
       76.36200000000001,
       10.091
      ],
      [
       76.36200000000001,
       10.1
      ],
      [
       76.35300000000001,
       10.1
      ],
      [
       76.35300000000001,
       10.091
      ]
     ]
    ]
   }
  },
  {
   "type": "Feature",
   "properties": {
    "ward_id": 18,
    "name": "Zone 0-18",
    "heat_stress": 0.0883356841820806,
    "lst_anom": 2.076038074947975,
    "people": 1731.6605446336084
   },
   "geometry": {
    "type": "Polygon",
    "coordinates": [
     [
      [
       76.36200000000001,
       10.091
      ],
      [
       76.37100000000001,
       10.091
      ],
      [
       76.37100000000001,
       10.1
      ],
      [
       76.36200000000001,
       10.1
      ],
      [
       76.36200000000001,
       10.091
      ]
     ]
    ]
   }
  },
  {
   "type": "Feature",
   "properties": {
    "ward_id": 19,
    "name": "Zone 0-19",
    "heat_stress": 0.09663801161102138,
    "lst_anom": 2.5376986961060495,
    "people": 1702.2265098285848
   },
   "geometry": {
    "type": "Polygon",
    "coordinates": [
     [
      [
       76.371,
       10.091
      ],
      [
       76.38000000000001,
       10.091
      ],
      [
       76.38000000000001,
       10.1
      ],
      [
       76.371,
       10.1
      ],
      [
       76.371,
       10.091
      ]
     ]
    ]
   }
  },
  {
   "type": "Feature",
   "properties": {
    "ward_id": 20,
    "name": "Zone 0-20",
    "heat_stress": 0.11628915408952883,
    "lst_anom": 2.9798105121428455,
    "people": 1777.6697676363349
   },
   "geometry": {
    "type": "Polygon",
    "coordinates": [
     [
      [
       76.38,
       10.091
      ],
      [
       76.38900000000001,
       10.091
      ],
      [
       76.38900000000001,
       10.1
      ],
      [
       76.38,
       10.1
      ],
      [
       76.38,
       10.091
      ]
     ]
    ]
   }
  },
  {
   "type": "Feature",
   "properties": {
    "ward_id": 21,
    "name": "Zone 0-21",
    "heat_stress": 0.1203376473578059,
    "lst_anom": 3.1553740150806466,
    "people": 1929.714200503403
   },
   "geometry": {
    "type": "Polygon",
    "coordinates": [
     [
      [
       76.389,
       10.091
      ],
      [
       76.39800000000001,
       10.091
      ],
      [
       76.39800000000001,
       10.1
      ],
      [
       76.389,
       10.1
      ],
      [
       76.389,
       10.091
      ]
     ]
    ]
   }
  },
  {
   "type": "Feature",
   "properties": {
    "ward_id": 22,
    "name": "Zone 0-22",
    "heat_stress": 0.1410977522267588,
    "lst_anom": 3.3780605226094607,
    "people": 404.58197902829374
   },
   "geometry": {
    "type": "Polygon",
    "coordinates": [
     [
      [
       76.398,
       10.091
      ],
      [
       76.3998,
       10.091
      ],
      [
       76.3998,
       10.1
      ],
      [
       76.398,
       10.1
      ],
      [
       76.398,
       10.091
      ]
     ]
    ]
   }
  },
  {
   "type": "Feature",
   "properties": {
    "ward_id": 1000,
    "name": "Zone 1-0",
    "heat_stress": 0.0,
    "lst_anom": -3.525921387690564,
    "people": 3.3121191242989303
   },
   "geometry": {
    "type": "Polygon",
    "coordinates": [
     [
      [
       76.2,
       10.081999999999999
      ],
      [
       76.209,
       10.081999999999999
      ],
      [
       76.209,
       10.091000000000001
      ],
      [
       76.2,
       10.091000000000001
      ],
      [
       76.2,
       10.081999999999999
      ]
     ]
    ]
   }
  },
  {
   "type": "Feature",
   "properties": {
    "ward_id": 1001,
    "name": "Zone 1-1",
    "heat_stress": 0.0,
    "lst_anom": -3.492602256136054,
    "people": 4.242396226388136
   },
   "geometry": {
    "type": "Polygon",
    "coordinates": [
     [
      [
       76.209,
       10.081999999999999
      ],
      [
       76.218,
       10.081999999999999
      ],
      [
       76.218,
       10.091000000000001
      ],
      [
       76.209,
       10.091000000000001
      ],
      [
       76.209,
       10.081999999999999
      ]
     ]
    ]
   }
  },
  {
   "type": "Feature",
   "properties": {
    "ward_id": 1002,
    "name": "Zone 1-2",
    "heat_stress": 0.0,
    "lst_anom": -3.576125292155591,
    "people": 2.7109420113130493
   },
   "geometry": {
    "type": "Polygon",
    "coordinates": [
     [
      [
       76.218,
       10.081999999999999
      ],
      [
       76.227,
       10.081999999999999
      ],
      [
       76.227,
       10.091000000000001
      ],
      [
       76.218,
       10.091000000000001
      ],
      [
       76.218,
       10.081999999999999
      ]
     ]
    ]
   }
  },
  {
   "type": "Feature",
   "properties": {
    "ward_id": 1003,
    "name": "Zone 1-3",
    "heat_stress": 0.0,
    "lst_anom": -3.6062089876993464,
    "people": 3.686745751163189
   },
   "geometry": {
    "type": "Polygon",
    "coordinates": [
     [
      [
       76.227,
       10.081999999999999
      ],
      [
       76.236,
       10.081999999999999
      ],
      [
       76.236,
       10.091000000000001
      ],
      [
       76.227,
       10.091000000000001
      ],
      [
       76.227,
       10.081999999999999
      ]
     ]
    ]
   }
  },
  {
   "type": "Feature",
   "properties": {
    "ward_id": 1004,
    "name": "Zone 1-4",
    "heat_stress": 0.0,
    "lst_anom": -3.4528319677183252,
    "people": 3.819855438652813
   },
   "geometry": {
    "type": "Polygon",
    "coordinates": [
     [
      [
       76.236,
       10.081999999999999
      ],
      [
       76.245,
       10.081999999999999
      ],
      [
       76.245,
       10.091000000000001
      ],
      [
       76.236,
       10.091000000000001
      ],
      [
       76.236,
       10.081999999999999
      ]
     ]
    ]
   }
  },
  {
   "type": "Feature",
   "properties": {
    "ward_id": 1005,
    "name": "Zone 1-5",
    "heat_stress": 0.0,
    "lst_anom": -3.5806381040274826,
    "people": 4.432750741741772
   },
   "geometry": {
    "type": "Polygon",
    "coordinates": [
     [
      [
       76.245,
       10.081999999999999
      ],
      [
       76.254,
       10.081999999999999
      ],
      [
       76.254,
       10.091000000000001
      ],
      [
       76.245,
       10.091000000000001
      ],
      [
       76.245,
       10.081999999999999
      ]
     ]
    ]
   }
  },
  {
   "type": "Feature",
   "properties": {
    "ward_id": 1006,
    "name": "Zone 1-6",
    "heat_stress": 0.0,
    "lst_anom": -3.488116001172263,
    "people": 5.51568524847035
   },
   "geometry": {
    "type": "Polygon",
    "coordinates": [
     [
      [
       76.254,
       10.081999999999999
      ],
      [
       76.263,
       10.081999999999999
      ],
      [
       76.263,
       10.091000000000001
      ],
      [
       76.254,
       10.091000000000001
      ],
      [
       76.254,
       10.081999999999999
      ]
     ]
    ]
   }
  },
  {
   "type": "Feature",
   "properties": {
    "ward_id": 1007,
    "name": "Zone 1-7",
    "heat_stress": 0.00216811668398441,
    "lst_anom": -2.0939365395055267,
    "people": 91.2638896874196
   },
   "geometry": {
    "type": "Polygon",
    "coordinates": [
     [
      [
       76.263,
       10.081999999999999
      ],
      [
       76.272,
       10.081999999999999
      ],
      [
       76.272,
       10.091000000000001
      ],
      [
       76.263,
       10.091000000000001
      ],
      [
       76.263,
       10.081999999999999
      ]
     ]
    ]
   }
  },
  {
   "type": "Feature",
   "properties": {
    "ward_id": 1008,
    "name": "Zone 1-8",
    "heat_stress": 0.023956713089924926,
    "lst_anom": -1.2224097438618196,
    "people": 1841.7545493786547
   },
   "geometry": {
    "type": "Polygon",
    "coordinates": [
     [
      [
       76.272,
       10.081999999999999
      ],
      [
       76.281,
       10.081999999999999
      ],
      [
       76.281,
       10.091000000000001
      ],
      [
       76.272,
       10.091000000000001
      ],
      [
       76.272,
       10.081999999999999
      ]
     ]
    ]
   }
  },
  {
   "type": "Feature",
   "properties": {
    "ward_id": 1009,
    "name": "Zone 1-9",
    "heat_stress": 0.02740224275885708,
    "lst_anom": -0.898452738727053,
    "people": 1682.5933902830175
   },
   "geometry": {
    "type": "Polygon",
    "coordinates": [
     [
      [
       76.281,
       10.081999999999999
      ],
      [
       76.29,
       10.081999999999999
      ],
      [
       76.29,
       10.091000000000001
      ],
      [
       76.281,
       10.091000000000001
      ],
      [
       76.281,
       10.081999999999999
      ]
     ]
    ]
   }
  },
  {
   "type": "Feature",
   "properties": {
    "ward_id": 1010,
    "name": "Zone 1-10",
    "heat_stress": 0.04461887711995784,
    "lst_anom": -0.5432092221200983,
    "people": 1924.4426692649836
   },
   "geometry": {
    "type": "Polygon",
    "coordinates": [
     [
      [
       76.29,
       10.081999999999999
      ],
      [
       76.299,
       10.081999999999999
      ],
      [
       76.299,
       10.091000000000001
      ],
      [
       76.29,
       10.091000000000001
      ],
      [
       76.29,
       10.081999999999999
      ]
     ]
    ]
   }
  },
  {
   "type": "Feature",
   "properties": {
    "ward_id": 1011,
    "name": "Zone 1-11",
    "heat_stress": 0.05607784919161671,
    "lst_anom": -0.012758174272880908,
    "people": 1721.5604395712687
   },
   "geometry": {
    "type": "Polygon",
    "coordinates": [
     [
      [
       76.299,
       10.081999999999999
      ],
      [
       76.308,
       10.081999999999999
      ],
      [
       76.308,
       10.091000000000001
      ],
      [
       76.299,
       10.091000000000001
      ],
      [
       76.299,
       10.081999999999999
      ]
     ]
    ]
   }
  },
  {
   "type": "Feature",
   "properties": {
    "ward_id": 1012,
    "name": "Zone 1-12",
    "heat_stress": 0.0625742844788832,
    "lst_anom": 0.20311830154560753,
    "people": 1825.7703324964557
   },
   "geometry": {
    "type": "Polygon",
    "coordinates": [
     [
      [
       76.308,
       10.081999999999999
      ],
      [
       76.31700000000001,
       10.081999999999999
      ],
      [
       76.31700000000001,
       10.091000000000001
      ],
      [
       76.308,
       10.091000000000001
      ],
      [
       76.308,
       10.081999999999999
      ]
     ]
    ]
   }
  },
  {
   "type": "Feature",
   "properties": {
    "ward_id": 1013,
    "name": "Zone 1-13",
    "heat_stress": 0.06685089272881559,
    "lst_anom": 0.5745243088367258,
    "people": 1737.7288127856489
   },
   "geometry": {
    "type": "Polygon",
    "coordinates": [
     [
      [
       76.31700000000001,
       10.081999999999999
      ],
      [
       76.32600000000001,
       10.081999999999999
      ],
      [
       76.32600000000001,
       10.091000000000001
      ],
      [
       76.31700000000001,
       10.091000000000001
      ],
      [
       76.31700000000001,
       10.081999999999999
      ]
     ]
    ]
   }
  },
  {
   "type": "Feature",
   "properties": {
    "ward_id": 1014,
    "name": "Zone 1-14",
    "heat_stress": 0.08627780276201989,
    "lst_anom": 0.9342403521518082,
    "people": 1899.8129969079357
   },
   "geometry": {
    "type": "Polygon",
    "coordinates": [
     [
      [
       76.32600000000001,
       10.081999999999999
      ],
      [
       76.33500000000001,
       10.081999999999999
      ],
      [
       76.33500000000001,
       10.091000000000001
      ],
      [
       76.32600000000001,
       10.091000000000001
      ],
      [
       76.32600000000001,
       10.081999999999999
      ]
     ]
    ]
   }
  },
  {
   "type": "Feature",
   "properties": {
    "ward_id": 1015,
    "name": "Zone 1-15",
    "heat_stress": 0.07622331028855361,
    "lst_anom": 1.0524753298778524,
    "people": 1916.5468190850393
   },
   "geometry": {
    "type": "Polygon",
    "coordinates": [
     [
      [
       76.33500000000001,
       10.081999999999999
      ],
      [
       76.34400000000001,
       10.081999999999999
      ],
      [
       76.34400000000001,
       10.091000000000001
      ],
      [
       76.33500000000001,
       10.091000000000001
      ],
      [
       76.33500000000001,
       10.081999999999999
      ]
     ]
    ]
   }
  },
  {
   "type": "Feature",
   "properties": {
    "ward_id": 1016,
    "name": "Zone 1-16",
    "heat_stress": 0.07418330138694747,
    "lst_anom": 1.3709300895578926,
    "people": 1601.7860192851492
   },
   "geometry": {
    "type": "Polygon",
    "coordinates": [
     [
      [
       76.34400000000001,
       10.081999999999999
      ],
      [
       76.35300000000001,
       10.081999999999999
      ],
      [
       76.35300000000001,
       10.091000000000001
      ],
      [
       76.34400000000001,
       10.091000000000001
      ],
      [
       76.34400000000001,
       10.081999999999999
      ]
     ]
    ]
   }
  },
  {
   "type": "Feature",
   "properties": {
    "ward_id": 1017,
    "name": "Zone 1-17",
    "heat_stress": 0.09271340232978634,
    "lst_anom": 1.8262771922487648,
    "people": 1735.4340131605286
   },
   "geometry": {
    "type": "Polygon",
    "coordinates": [
     [
      [
       76.35300000000001,
       10.081999999999999
      ],
      [
       76.36200000000001,
       10.081999999999999
      ],
      [
       76.36200000000001,
       10.091000000000001
      ],
      [
       76.35300000000001,
       10.091000000000001
      ],
      [
       76.35300000000001,
       10.081999999999999
      ]
     ]
    ]
   }
  },
  {
   "type": "Feature",
   "properties": {
    "ward_id": 1018,
    "name": "Zone 1-18",
    "heat_stress": 0.10335981167586519,
    "lst_anom": 2.354906651352686,
    "people": 1790.5407993024432
   },
   "geometry": {
    "type": "Polygon",
    "coordinates": [
     [
      [
       76.36200000000001,
       10.081999999999999
      ],
      [
       76.37100000000001,
       10.081999999999999
      ],
      [
       76.37100000000001,
       10.091000000000001
      ],
      [
       76.36200000000001,
       10.091000000000001
      ],
      [
       76.36200000000001,
       10.081999999999999
      ]
     ]
    ]
   }
  },
  {
   "type": "Feature",
   "properties": {
    "ward_id": 1019,
    "name": "Zone 1-19",
    "heat_stress": 0.11603798323053995,
    "lst_anom": 2.6987624438596725,
    "people": 1915.2692758104345
   },
   "geometry": {
    "type": "Polygon",
    "coordinates": [
     [
      [
       76.371,
       10.081999999999999
      ],
      [
       76.38000000000001,
       10.081999999999999
      ],
      [
       76.38000000000001,
       10.091000000000001
      ],
      [
       76.371,
       10.091000000000001
      ],
      [
       76.371,
       10.081999999999999
      ]
     ]
    ]
   }
  },
  {
   "type": "Feature",
   "properties": {
    "ward_id": 1020,
    "name": "Zone 1-20",
    "heat_stress": 0.10567818646003892,
    "lst_anom": 2.9344281706639532,
    "people": 1456.4486270752768
   },
   "geometry": {
    "type": "Polygon",
    "coordinates": [
     [
      [
       76.38,
       10.081999999999999
      ],
      [
       76.38900000000001,
       10.081999999999999
      ],
      [
       76.38900000000001,
       10.091000000000001
      ],
      [
       76.38,
       10.091000000000001
      ],
      [
       76.38,
       10.081999999999999
      ]
     ]
    ]
   }
  },
  {
   "type": "Feature",
   "properties": {
    "ward_id": 1021,
    "name": "Zone 1-21",
    "heat_stress": 0.10148448921168056,
    "lst_anom": 3.1169076599815133,
    "people": 1608.4036566877312
   },
   "geometry": {
    "type": "Polygon",
    "coordinates": [
     [
      [
       76.389,
       10.081999999999999
      ],
      [
       76.39800000000001,
       10.081999999999999
      ],
      [
       76.39800000000001,
       10.091000000000001
      ],
      [
       76.389,
       10.091000000000001
      ],
      [
       76.389,
       10.081999999999999
      ]
     ]
    ]
   }
  },
  {
   "type": "Feature",
   "properties": {
    "ward_id": 1022,
    "name": "Zone 1-22",
    "heat_stress": 0.09960011564918803,
    "lst_anom": 3.051326444579359,
    "people": 370.05312331013215
   },
   "geometry": {
    "type": "Polygon",
    "coordinates": [
     [
      [
       76.398,
       10.081999999999999
      ],
      [
       76.3998,
       10.081999999999999
      ],
      [
       76.3998,
       10.091000000000001
      ],
      [
       76.398,
       10.091000000000001
      ],
      [
       76.398,
       10.081999999999999
      ]
     ]
    ]
   }
  },
  {
   "type": "Feature",
   "properties": {
    "ward_id": 2000,
    "name": "Zone 2-0",
    "heat_stress": 0.0,
    "lst_anom": -3.5439803342811635,
    "people": 6.354461926635958
   },
   "geometry": {
    "type": "Polygon",
    "coordinates": [
     [
      [
       76.2,
       10.072999999999999
      ],
      [
       76.209,
       10.072999999999999
      ],
      [
       76.209,
       10.082
      ],
      [
       76.2,
       10.082
      ],
      [
       76.2,
       10.072999999999999
      ]
     ]
    ]
   }
  },
  {
   "type": "Feature",
   "properties": {
    "ward_id": 2001,
    "name": "Zone 2-1",
    "heat_stress": 0.0,
    "lst_anom": -3.559929559392798,
    "people": 6.822375689008131
   },
   "geometry": {
    "type": "Polygon",
    "coordinates": [
     [
      [
       76.209,
       10.072999999999999
      ],
      [
       76.218,
       10.072999999999999
      ],
      [
       76.218,
       10.082
      ],
      [
       76.209,
       10.082
      ],
      [
       76.209,
       10.072999999999999
      ]
     ]
    ]
   }
  },
  {
   "type": "Feature",
   "properties": {
    "ward_id": 2002,
    "name": "Zone 2-2",
    "heat_stress": 0.0,
    "lst_anom": -3.5431317830547897,
    "people": 5.277199274801844
   },
   "geometry": {
    "type": "Polygon",
    "coordinates": [
     [
      [
       76.218,
       10.072999999999999
      ],
      [
       76.227,
       10.072999999999999
      ],
      [
       76.227,
       10.082
      ],
      [
       76.218,
       10.082
      ],
      [
       76.218,
       10.072999999999999
      ]
     ]
    ]
   }
  },
  {
   "type": "Feature",
   "properties": {
    "ward_id": 2003,
    "name": "Zone 2-3",
    "heat_stress": 0.0,
    "lst_anom": -3.3913848139277945,
    "people": 2.5870191123674524
   },
   "geometry": {
    "type": "Polygon",
    "coordinates": [
     [
      [
       76.227,
       10.072999999999999
      ],
      [
       76.236,
       10.072999999999999
      ],
      [
       76.236,
       10.082
      ],
      [
       76.227,
       10.082
      ],
      [
       76.227,
       10.072999999999999
      ]
     ]
    ]
   }
  },
  {
   "type": "Feature",
   "properties": {
    "ward_id": 2004,
    "name": "Zone 2-4",
    "heat_stress": 0.0,
    "lst_anom": -3.370971896793878,
    "people": 4.650178801804193
   },
   "geometry": {
    "type": "Polygon",
    "coordinates": [
     [
      [
       76.236,
       10.072999999999999
      ],
      [
       76.245,
       10.072999999999999
      ],
      [
       76.245,
       10.082
      ],
      [
       76.236,
       10.082
      ],
      [
       76.236,
       10.072999999999999
      ]
     ]
    ]
   }
  },
  {
   "type": "Feature",
   "properties": {
    "ward_id": 2005,
    "name": "Zone 2-5",
    "heat_stress": 0.0,
    "lst_anom": -3.3926006590648323,
    "people": 4.865638437944959
   },
   "geometry": {
    "type": "Polygon",
    "coordinates": [
     [
      [
       76.245,
       10.072999999999999
      ],
      [
       76.254,
       10.072999999999999
      ],
      [
       76.254,
       10.082
      ],
      [
       76.245,
       10.082
      ],
      [
       76.245,
       10.072999999999999
      ]
     ]
    ]
   }
  },
  {
   "type": "Feature",
   "properties": {
    "ward_id": 2006,
    "name": "Zone 2-6",
    "heat_stress": 0.0,
    "lst_anom": -3.494140811430525,
    "people": 4.429349233814849
   },
   "geometry": {
    "type": "Polygon",
    "coordinates": [
     [
      [
       76.254,
       10.072999999999999
      ],
      [
       76.263,
       10.072999999999999
      ],
      [
       76.263,
       10.082
      ],
      [
       76.254,
       10.082
      ],
      [
       76.254,
       10.072999999999999
      ]
     ]
    ]
   }
  },
  {
   "type": "Feature",
   "properties": {
    "ward_id": 2007,
    "name": "Zone 2-7",
    "heat_stress": 0.011096339810306102,
    "lst_anom": -1.8458238218949434,
    "people": 442.428273115523
   },
   "geometry": {
    "type": "Polygon",
    "coordinates": [
     [
      [
       76.263,
       10.072999999999999
      ],
      [
       76.272,
       10.072999999999999
      ],
      [
       76.272,
       10.082
      ],
      [
       76.263,
       10.082
      ],
      [
       76.263,
       10.072999999999999
      ]
     ]
    ]
   }
  },
  {
   "type": "Feature",
   "properties": {
    "ward_id": 2008,
    "name": "Zone 2-8",
    "heat_stress": 0.02533152712148516,
    "lst_anom": -1.1502363259838904,
    "people": 1638.380342400031
   },
   "geometry": {
    "type": "Polygon",
    "coordinates": [
     [
      [
       76.272,
       10.072999999999999
      ],
      [
       76.281,
       10.072999999999999
      ],
      [
       76.281,
       10.082
      ],
      [
       76.272,
       10.082
      ],
      [
       76.272,
       10.072999999999999
      ]
     ]
    ]
   }
  },
  {
   "type": "Feature",
   "properties": {
    "ward_id": 2009,
    "name": "Zone 2-9",
    "heat_stress": 0.03451450195741922,
    "lst_anom": -0.6545030295884907,
    "people": 1703.2400283095283
   },
   "geometry": {
    "type": "Polygon",
    "coordinates": [
     [
      [
       76.281,
       10.072999999999999
      ],
      [
       76.29,
       10.072999999999999
      ],
      [
       76.29,
       10.082
      ],
      [
       76.281,
       10.082
      ],
      [
       76.281,
       10.072999999999999
      ]
     ]
    ]
   }
  },
  {
   "type": "Feature",
   "properties": {
    "ward_id": 2010,
    "name": "Zone 2-10",
    "heat_stress": 0.04937818242937155,
    "lst_anom": -0.3410164895873226,
    "people": 1982.550194226986
   },
   "geometry": {
    "type": "Polygon",
    "coordinates": [
     [
      [
       76.29,
       10.072999999999999
      ],
      [
       76.299,
       10.072999999999999
      ],
      [
       76.299,
       10.082
      ],
      [
       76.29,
       10.082
      ],
      [
       76.29,
       10.072999999999999
      ]
     ]
    ]
   }
  },
  {
   "type": "Feature",
   "properties": {
    "ward_id": 2011,
    "name": "Zone 2-11",
    "heat_stress": 0.08321767010942535,
    "lst_anom": 0.40131287674060634,
    "people": 2542.1270195269544
   },
   "geometry": {
    "type": "Polygon",
    "coordinates": [
     [
      [
       76.299,
       10.072999999999999
      ],
      [
       76.308,
       10.072999999999999
      ],
      [
       76.308,
       10.082
      ],
      [
       76.299,
       10.082
      ],
      [
       76.299,
       10.072999999999999
      ]
     ]
    ]
   }
  },
  {
   "type": "Feature",
   "properties": {
    "ward_id": 2012,
    "name": "Zone 2-12",
    "heat_stress": 0.1031537096336644,
    "lst_anom": 0.9678326766806971,
    "people": 2532.1647731238445
   },
   "geometry": {
    "type": "Polygon",
    "coordinates": [
     [
      [
       76.308,
       10.072999999999999
      ],
      [
       76.31700000000001,
       10.072999999999999
      ],
      [
       76.31700000000001,
       10.082
      ],
      [
       76.308,
       10.082
      ],
      [
       76.308,
       10.072999999999999
      ]
     ]
    ]
   }
  },
  {
   "type": "Feature",
   "properties": {
    "ward_id": 2013,
    "name": "Zone 2-13",
    "heat_stress": 0.10766390059804903,
    "lst_anom": 1.2065014602372097,
    "people": 2427.1200386545706
   },
   "geometry": {
    "type": "Polygon",
    "coordinates": [
     [
      [
       76.31700000000001,
       10.072999999999999
      ],
      [
       76.32600000000001,
       10.072999999999999
      ],
      [
       76.32600000000001,
       10.082
      ],
      [
       76.31700000000001,
       10.082
      ],
      [
       76.31700000000001,
       10.072999999999999
      ]
     ]
    ]
   }
  },
  {
   "type": "Feature",
   "properties": {
    "ward_id": 2014,
    "name": "Zone 2-14",
    "heat_stress": 0.08894927900806639,
    "lst_anom": 1.1076865481215188,
    "people": 1979.1384234117968
   },
   "geometry": {
    "type": "Polygon",
    "coordinates": [
     [
      [
       76.32600000000001,
       10.072999999999999
      ],
      [
       76.33500000000001,
       10.072999999999999
      ],
      [
       76.33500000000001,
       10.082
      ],
      [
       76.32600000000001,
       10.082
      ],
      [
       76.32600000000001,
       10.072999999999999
      ]
     ]
    ]
   }
  },
  {
   "type": "Feature",
   "properties": {
    "ward_id": 2015,
    "name": "Zone 2-15",
    "heat_stress": 0.07064219852544303,
    "lst_anom": 1.205957401401843,
    "people": 1525.6497966592003
   },
   "geometry": {
    "type": "Polygon",
    "coordinates": [
     [
      [
       76.33500000000001,
       10.072999999999999
      ],
      [
       76.34400000000001,
       10.072999999999999
      ],
      [
       76.34400000000001,
       10.082
      ],
      [
       76.33500000000001,
       10.082
      ],
      [
       76.33500000000001,
       10.072999999999999
      ]
     ]
    ]
   }
  },
  {
   "type": "Feature",
   "properties": {
    "ward_id": 2016,
    "name": "Zone 2-16",
    "heat_stress": 0.09055164782753199,
    "lst_anom": 1.5128644109420986,
    "people": 1786.193694715618
   },
   "geometry": {
    "type": "Polygon",
    "coordinates": [
     [
      [
       76.34400000000001,
       10.072999999999999
      ],
      [
       76.35300000000001,
       10.072999999999999
      ],
      [
       76.35300000000001,
       10.082
      ],
      [
       76.34400000000001,
       10.082
      ],
      [
       76.34400000000001,
       10.072999999999999
      ]
     ]
    ]
   }
  },
  {
   "type": "Feature",
   "properties": {
    "ward_id": 2017,
    "name": "Zone 2-17",
    "heat_stress": 0.08865964871112192,
    "lst_anom": 1.8521695342871287,
    "people": 1648.215607320811
   },
   "geometry": {
    "type": "Polygon",
    "coordinates": [
     [
      [
       76.35300000000001,
       10.072999999999999
      ],
      [
       76.36200000000001,
       10.072999999999999
      ],
      [
       76.36200000000001,
       10.082
      ],
      [
       76.35300000000001,
       10.082
      ],
      [
       76.35300000000001,
       10.072999999999999
      ]
     ]
    ]
   }
  },
  {
   "type": "Feature",
   "properties": {
    "ward_id": 2018,
    "name": "Zone 2-18",
    "heat_stress": 0.10762848843621138,
    "lst_anom": 2.200356198813817,
    "people": 1722.756358488478
   },
   "geometry": {
    "type": "Polygon",
    "coordinates": [
     [
      [
       76.36200000000001,
       10.072999999999999
      ],
      [
       76.37100000000001,
       10.072999999999999
      ],
      [
       76.37100000000001,
       10.082
      ],
      [
       76.36200000000001,
       10.082
      ],
      [
       76.36200000000001,
       10.072999999999999
      ]
     ]
    ]
   }
  },
  {
   "type": "Feature",
   "properties": {
    "ward_id": 2019,
    "name": "Zone 2-19",
    "heat_stress": 0.11323072122719977,
    "lst_anom": 2.753394200904774,
    "people": 1622.0681732711973
   },
   "geometry": {
    "type": "Polygon",
    "coordinates": [
     [
      [
       76.371,
       10.072999999999999
      ],
      [
       76.38000000000001,
       10.072999999999999
      ],
      [
       76.38000000000001,
       10.082
      ],
      [
       76.371,
       10.082
      ],
      [
       76.371,
       10.072999999999999
      ]
     ]
    ]
   }
  },
  {
   "type": "Feature",
   "properties": {
    "ward_id": 2020,
    "name": "Zone 2-20",
    "heat_stress": 0.11770831565287945,
    "lst_anom": 2.917794602539872,
    "people": 1893.5255055894058
   },
   "geometry": {
    "type": "Polygon",
    "coordinates": [
     [
      [
       76.38,
       10.072999999999999
      ],
      [
       76.38900000000001,
       10.072999999999999
      ],
      [
       76.38900000000001,
       10.082
      ],
      [
       76.38,
       10.082
      ],
      [
       76.38,
       10.072999999999999
      ]
     ]
    ]
   }
  },
  {
   "type": "Feature",
   "properties": {
    "ward_id": 2021,
    "name": "Zone 2-21",
    "heat_stress": 0.10292006026979565,
    "lst_anom": 3.2563501007221656,
    "people": 1613.3935069600557
   },
   "geometry": {
    "type": "Polygon",
    "coordinates": [
     [
      [
       76.389,
       10.072999999999999
      ],
      [
       76.39800000000001,
       10.072999999999999
      ],
      [
       76.39800000000001,
       10.082
      ],
      [
       76.389,
       10.082
      ],
      [
       76.389,
       10.072999999999999
      ]
     ]
    ]
   }
  },
  {
   "type": "Feature",
   "properties": {
    "ward_id": 2022,
    "name": "Zone 2-22",
    "heat_stress": 0.1623025657506613,
    "lst_anom": 3.7518166244878723,
    "people": 420.16957026790715
   },
   "geometry": {
    "type": "Polygon",
    "coordinates": [
     [
      [
       76.398,
       10.072999999999999
      ],
      [
       76.3998,
       10.072999999999999
      ],
      [
       76.3998,
       10.082
      ],
      [
       76.398,
       10.082
      ],
      [
       76.398,
       10.072999999999999
      ]
     ]
    ]
   }
  },
  {
   "type": "Feature",
   "properties": {
    "ward_id": 3000,
    "name": "Zone 3-0",
    "heat_stress": 0.0,
    "lst_anom": -3.4869116792479162,
    "people": 2.919905455718707
   },
   "geometry": {
    "type": "Polygon",
    "coordinates": [
     [
      [
       76.2,
       10.063999999999998
      ],
      [
       76.209,
       10.063999999999998
      ],
      [
       76.209,
       10.073
      ],
      [
       76.2,
       10.073
      ],
      [
       76.2,
       10.063999999999998
      ]
     ]
    ]
   }
  },
  {
   "type": "Feature",
   "properties": {
    "ward_id": 3001,
    "name": "Zone 3-1",
    "heat_stress": 0.0,
    "lst_anom": -3.5264917040371007,
    "people": 4.670447485301042
   },
   "geometry": {
    "type": "Polygon",
    "coordinates": [
     [
      [
       76.209,
       10.063999999999998
      ],
      [
       76.218,
       10.063999999999998
      ],
      [
       76.218,
       10.073
      ],
      [
       76.209,
       10.073
      ],
      [
       76.209,
       10.063999999999998
      ]
     ]
    ]
   }
  },
  {
   "type": "Feature",
   "properties": {
    "ward_id": 3002,
    "name": "Zone 3-2",
    "heat_stress": 0.0,
    "lst_anom": -3.3653456410714107,
    "people": 7.843761952959206
   },
   "geometry": {
    "type": "Polygon",
    "coordinates": [
     [
      [
       76.218,
       10.063999999999998
      ],
      [
       76.227,
       10.063999999999998
      ],
      [
       76.227,
       10.073
      ],
      [
       76.218,
       10.073
      ],
      [
       76.218,
       10.063999999999998
      ]
     ]
    ]
   }
  },
  {
   "type": "Feature",
   "properties": {
    "ward_id": 3003,
    "name": "Zone 3-3",
    "heat_stress": 0.0,
    "lst_anom": -3.5695255150187712,
    "people": 4.357390603007076
   },
   "geometry": {
    "type": "Polygon",
    "coordinates": [
     [
      [
       76.227,
       10.063999999999998
      ],
      [
       76.236,
       10.063999999999998
      ],
      [
       76.236,
       10.073
      ],
      [
       76.227,
       10.073
      ],
      [
       76.227,
       10.063999999999998
      ]
     ]
    ]
   }
  },
  {
   "type": "Feature",
   "properties": {
    "ward_id": 3004,
    "name": "Zone 3-4",
    "heat_stress": 0.0,
    "lst_anom": -3.5136274249634827,
    "people": 1.7373578404576215
   },
   "geometry": {
    "type": "Polygon",
    "coordinates": [
     [
      [
       76.236,
       10.063999999999998
      ],
      [
       76.245,
       10.063999999999998
      ],
      [
       76.245,
       10.073
      ],
      [
       76.236,
       10.073
      ],
      [
       76.236,
       10.063999999999998
      ]
     ]
    ]
   }
  },
  {
   "type": "Feature",
   "properties": {
    "ward_id": 3005,
    "name": "Zone 3-5",
    "heat_stress": 0.0,
    "lst_anom": -3.52507020484392,
    "people": 8.161175062777588
   },
   "geometry": {
    "type": "Polygon",
    "coordinates": [
     [
      [
       76.245,
       10.063999999999998
      ],
      [
       76.254,
       10.063999999999998
      ],
      [
       76.254,
       10.073
      ],
      [
       76.245,
       10.073
      ],
      [
       76.245,
       10.063999999999998
      ]
     ]
    ]
   }
  },
  {
   "type": "Feature",
   "properties": {
    "ward_id": 3006,
    "name": "Zone 3-6",
    "heat_stress": 0.0,
    "lst_anom": -3.5433011425400047,
    "people": 5.154049414039967
   },
   "geometry": {
    "type": "Polygon",
    "coordinates": [
     [
      [
       76.254,
       10.063999999999998
      ],
      [
       76.263,
       10.063999999999998
      ],
      [
       76.263,
       10.073
      ],
      [
       76.254,
       10.073
      ],
      [
       76.254,
       10.063999999999998
      ]
     ]
    ]
   }
  },
  {
   "type": "Feature",
   "properties": {
    "ward_id": 3007,
    "name": "Zone 3-7",
    "heat_stress": 0.01056387696377225,
    "lst_anom": -1.6089154281847404,
    "people": 920.4998478298498
   },
   "geometry": {
    "type": "Polygon",
    "coordinates": [
     [
      [
       76.263,
       10.063999999999998
      ],
      [
       76.272,
       10.063999999999998
      ],
      [
       76.272,
       10.073
      ],
      [
       76.263,
       10.073
      ],
      [
       76.263,
       10.063999999999998
      ]
     ]
    ]
   }
  },
  {
   "type": "Feature",
   "properties": {
    "ward_id": 3008,
    "name": "Zone 3-8",
    "heat_stress": 0.03530051930733332,
    "lst_anom": -0.7979861572119089,
    "people": 1913.483529164843
   },
   "geometry": {
    "type": "Polygon",
    "coordinates": [
     [
      [
       76.272,
       10.063999999999998
      ],
      [
       76.281,
       10.063999999999998
      ],
      [
       76.281,
       10.073
      ],
      [
       76.272,
       10.073
      ],
      [
       76.272,
       10.063999999999998
      ]
     ]
    ]
   }
  },
  {
   "type": "Feature",
   "properties": {
    "ward_id": 3009,
    "name": "Zone 3-9",
    "heat_stress": 0.045475334769243834,
    "lst_anom": -0.5216530118606078,
    "people": 2053.12016013468
   },
   "geometry": {
    "type": "Polygon",
    "coordinates": [
     [
      [
       76.281,
       10.063999999999998
      ],
      [
       76.29,
       10.063999999999998
      ],
      [
       76.29,
       10.073
      ],
      [
       76.281,
       10.073
      ],
      [
       76.281,
       10.063999999999998
      ]
     ]
    ]
   }
  },
  {
   "type": "Feature",
   "properties": {
    "ward_id": 3010,
    "name": "Zone 3-10",
    "heat_stress": 0.08153553187306266,
    "lst_anom": 0.2574202188935204,
    "people": 2338.7486144876834
   },
   "geometry": {
    "type": "Polygon",
    "coordinates": [
     [
      [
       76.29,
       10.063999999999998
      ],
      [
       76.299,
       10.063999999999998
      ],
      [
       76.299,
       10.073
      ],
      [
       76.29,
       10.073
      ],
      [
       76.29,
       10.063999999999998
      ]
     ]
    ]
   }
  },
  {
   "type": "Feature",
   "properties": {
    "ward_id": 3011,
    "name": "Zone 3-11",
    "heat_stress": 0.1848263750296432,
    "lst_anom": 1.7312328963049513,
    "people": 4379.44770423178
   },
   "geometry": {
    "type": "Polygon",
    "coordinates": [
     [
      [
       76.299,
       10.063999999999998
      ],
      [
       76.308,
       10.063999999999998
      ],
      [
       76.308,
       10.073
      ],
      [
       76.299,
       10.073
      ],
      [
       76.299,
       10.063999999999998
      ]
     ]
    ]
   }
  },
  {
   "type": "Feature",
   "properties": {
    "ward_id": 3012,
    "name": "Zone 3-12",
    "heat_stress": 0.30615797896570657,
    "lst_anom": 3.1501239614660355,
    "people": 6015.271646469311
   },
   "geometry": {
    "type": "Polygon",
    "coordinates": [
     [
      [
       76.308,
       10.063999999999998
      ],
      [
       76.31700000000001,
       10.063999999999998
      ],
      [
       76.31700000000001,
       10.073
      ],
      [
       76.308,
       10.073
      ],
      [
       76.308,
       10.063999999999998
      ]
     ]
    ]
   }
  },
  {
   "type": "Feature",
   "properties": {
    "ward_id": 3013,
    "name": "Zone 3-13",
    "heat_stress": 0.2843624739906302,
    "lst_anom": 3.2618146864055766,
    "people": 5540.453926161174
   },
   "geometry": {
    "type": "Polygon",
    "coordinates": [
     [
      [
       76.31700000000001,
       10.063999999999998
      ],
      [
       76.32600000000001,
       10.063999999999998
      ],
      [
       76.32600000000001,
       10.073
      ],
      [
       76.31700000000001,
       10.073
      ],
      [
       76.31700000000001,
       10.063999999999998
      ]
     ]
    ]
   }
  },
  {
   "type": "Feature",
   "properties": {
    "ward_id": 3014,
    "name": "Zone 3-14",
    "heat_stress": 0.17361839010852867,
    "lst_anom": 2.1379958245302957,
    "people": 3254.4692584797053
   },
   "geometry": {
    "type": "Polygon",
    "coordinates": [
     [
      [
       76.32600000000001,
       10.063999999999998
      ],
      [
       76.33500000000001,
       10.063999999999998
      ],
      [
       76.33500000000001,
       10.073
      ],
      [
       76.32600000000001,
       10.073
      ],
      [
       76.32600000000001,
       10.063999999999998
      ]
     ]
    ]
   }
  },
  {
   "type": "Feature",
   "properties": {
    "ward_id": 3015,
    "name": "Zone 3-15",
    "heat_stress": 0.09747350538267142,
    "lst_anom": 1.5872003337122467,
    "people": 2110.0622161556585
   },
   "geometry": {
    "type": "Polygon",
    "coordinates": [
     [
      [
       76.33500000000001,
       10.063999999999998
      ],
      [
       76.34400000000001,
       10.063999999999998
      ],
      [
       76.34400000000001,
       10.073
      ],
      [
       76.33500000000001,
       10.073
      ],
      [
       76.33500000000001,
       10.063999999999998
      ]
     ]
    ]
   }
  },
  {
   "type": "Feature",
   "properties": {
    "ward_id": 3016,
    "name": "Zone 3-16",
    "heat_stress": 0.09238762834526883,
    "lst_anom": 1.7266828443621787,
    "people": 1792.5203667793019
   },
   "geometry": {
    "type": "Polygon",
    "coordinates": [
     [
      [
       76.34400000000001,
       10.063999999999998
      ],
      [
       76.35300000000001,
       10.063999999999998
      ],
      [
       76.35300000000001,
       10.073
      ],
      [
       76.34400000000001,
       10.073
      ],
      [
       76.34400000000001,
       10.063999999999998
      ]
     ]
    ]
   }
  },
  {
   "type": "Feature",
   "properties": {
    "ward_id": 3017,
    "name": "Zone 3-17",
    "heat_stress": 0.09447749668850895,
    "lst_anom": 1.9617535151552057,
    "people": 1745.8764228073583
   },
   "geometry": {
    "type": "Polygon",
    "coordinates": [
     [
      [
       76.35300000000001,
       10.063999999999998
      ],
      [
       76.36200000000001,
       10.063999999999998
      ],
      [
       76.36200000000001,
       10.073
      ],
      [
       76.35300000000001,
       10.073
      ],
      [
       76.35300000000001,
       10.063999999999998
      ]
     ]
    ]
   }
  },
  {
   "type": "Feature",
   "properties": {
    "ward_id": 3018,
    "name": "Zone 3-18",
    "heat_stress": 0.09683579159150425,
    "lst_anom": 2.264713367015226,
    "people": 1819.074140483376
   },
   "geometry": {
    "type": "Polygon",
    "coordinates": [
     [
      [
       76.36200000000001,
       10.063999999999998
      ],
      [
       76.37100000000001,
       10.063999999999998
      ],
      [
       76.37100000000001,
       10.073
      ],
      [
       76.36200000000001,
       10.073
      ],
      [
       76.36200000000001,
       10.063999999999998
      ]
     ]
    ]
   }
  },
  {
   "type": "Feature",
   "properties": {
    "ward_id": 3019,
    "name": "Zone 3-19",
    "heat_stress": 0.09590254875628647,
    "lst_anom": 2.5917265792878745,
    "people": 1643.0802116411944
   },
   "geometry": {
    "type": "Polygon",
    "coordinates": [
     [
      [
       76.371,
       10.063999999999998
      ],
      [
       76.38000000000001,
       10.063999999999998
      ],
      [
       76.38000000000001,
       10.073
      ],
      [
       76.371,
       10.073
      ],
      [
       76.371,
       10.063999999999998
      ]
     ]
    ]
   }
  },
  {
   "type": "Feature",
   "properties": {
    "ward_id": 3020,
    "name": "Zone 3-20",
    "heat_stress": 0.12170346669243033,
    "lst_anom": 3.015104560094124,
    "people": 1724.401488209928
   },
   "geometry": {
    "type": "Polygon",
    "coordinates": [
     [
      [
       76.38,
       10.063999999999998
      ],
      [
       76.38900000000001,
       10.063999999999998
      ],
      [
       76.38900000000001,
       10.073
      ],
      [
       76.38,
       10.073
      ],
      [
       76.38,
       10.063999999999998
      ]
     ]
    ]
   }
  },
  {
   "type": "Feature",
   "properties": {
    "ward_id": 3021,
    "name": "Zone 3-21",
    "heat_stress": 0.11356721286559499,
    "lst_anom": 3.391124724152183,
    "people": 1553.3862060742867
   },
   "geometry": {
    "type": "Polygon",
    "coordinates": [
     [
      [
       76.389,
       10.063999999999998
      ],
      [
       76.39800000000001,
       10.063999999999998
      ],
      [
       76.39800000000001,
       10.073
      ],
      [
       76.389,
       10.073
      ],
      [
       76.389,
       10.063999999999998
      ]
     ]
    ]
   }
  },
  {
   "type": "Feature",
   "properties": {
    "ward_id": 3022,
    "name": "Zone 3-22",
    "heat_stress": 0.09385920939966041,
    "lst_anom": 3.3157230421584396,
    "people": 304.92671383681835
   },
   "geometry": {
    "type": "Polygon",
    "coordinates": [
     [
      [
       76.398,
       10.063999999999998
      ],
      [
       76.3998,
       10.063999999999998
      ],
      [
       76.3998,
       10.073
      ],
      [
       76.398,
       10.073
      ],
      [
       76.398,
       10.063999999999998
      ]
     ]
    ]
   }
  },
  {
   "type": "Feature",
   "properties": {
    "ward_id": 4000,
    "name": "Zone 4-0",
    "heat_stress": 0.0,
    "lst_anom": -3.4040669385678903,
    "people": 8.774169035178566
   },
   "geometry": {
    "type": "Polygon",
    "coordinates": [
     [
      [
       76.2,
       10.055
      ],
      [
       76.209,
       10.055
      ],
      [
       76.209,
       10.064
      ],
      [
       76.2,
       10.064
      ],
      [
       76.2,
       10.055
      ]
     ]
    ]
   }
  },
  {
   "type": "Feature",
   "properties": {
    "ward_id": 4001,
    "name": "Zone 4-1",
    "heat_stress": 0.0,
    "lst_anom": -3.5686947611085174,
    "people": 4.66472297944109
   },
   "geometry": {
    "type": "Polygon",
    "coordinates": [
     [
      [
       76.209,
       10.055
      ],
      [
       76.218,
       10.055
      ],
      [
       76.218,
       10.064
      ],
      [
       76.209,
       10.064
      ],
      [
       76.209,
       10.055
      ]
     ]
    ]
   }
  },
  {
   "type": "Feature",
   "properties": {
    "ward_id": 4002,
    "name": "Zone 4-2",
    "heat_stress": 0.0,
    "lst_anom": -3.4432446595041513,
    "people": 4.272622154296117
   },
   "geometry": {
    "type": "Polygon",
    "coordinates": [
     [
      [
       76.218,
       10.055
      ],
      [
       76.227,
       10.055
      ],
      [
       76.227,
       10.064
      ],
      [
       76.218,
       10.064
      ],
      [
       76.218,
       10.055
      ]
     ]
    ]
   }
  },
  {
   "type": "Feature",
   "properties": {
    "ward_id": 4003,
    "name": "Zone 4-3",
    "heat_stress": 0.0,
    "lst_anom": -3.430768914531183,
    "people": 7.209546853389317
   },
   "geometry": {
    "type": "Polygon",
    "coordinates": [
     [
      [
       76.227,
       10.055
      ],
      [
       76.236,
       10.055
      ],
      [
       76.236,
       10.064
      ],
      [
       76.227,
       10.064
      ],
      [
       76.227,
       10.055
      ]
     ]
    ]
   }
  },
  {
   "type": "Feature",
   "properties": {
    "ward_id": 4004,
    "name": "Zone 4-4",
    "heat_stress": 0.0,
    "lst_anom": -3.2834982716199437,
    "people": 6.166288619835953
   },
   "geometry": {
    "type": "Polygon",
    "coordinates": [
     [
      [
       76.236,
       10.055
      ],
      [
       76.245,
       10.055
      ],
      [
       76.245,
       10.064
      ],
      [
       76.236,
       10.064
      ],
      [
       76.236,
       10.055
      ]
     ]
    ]
   }
  },
  {
   "type": "Feature",
   "properties": {
    "ward_id": 4005,
    "name": "Zone 4-5",
    "heat_stress": 0.0,
    "lst_anom": -3.6403618854467354,
    "people": 3.1084725656912693
   },
   "geometry": {
    "type": "Polygon",
    "coordinates": [
     [
      [
       76.245,
       10.055
      ],
      [
       76.254,
       10.055
      ],
      [
       76.254,
       10.064
      ],
      [
       76.245,
       10.064
      ],
      [
       76.245,
       10.055
      ]
     ]
    ]
   }
  },
  {
   "type": "Feature",
   "properties": {
    "ward_id": 4006,
    "name": "Zone 4-6",
    "heat_stress": 0.0013931518928890247,
    "lst_anom": -2.44741708711919,
    "people": 84.30281319531781
   },
   "geometry": {
    "type": "Polygon",
    "coordinates": [
     [
      [
       76.254,
       10.055
      ],
      [
       76.263,
       10.055
      ],
      [
       76.263,
       10.064
      ],
      [
       76.254,
       10.064
      ],
      [
       76.254,
       10.055
      ]
     ]
    ]
   }
  },
  {
   "type": "Feature",
   "properties": {
    "ward_id": 4007,
    "name": "Zone 4-7",
    "heat_stress": 0.02250190252617479,
    "lst_anom": -1.2508810187735182,
    "people": 1712.181562016386
   },
   "geometry": {
    "type": "Polygon",
    "coordinates": [
     [
      [
       76.263,
       10.055
      ],
      [
       76.272,
       10.055
      ],
      [
       76.272,
       10.064
      ],
      [
       76.263,
       10.064
      ],
      [
       76.263,
       10.055
      ]
     ]
    ]
   }
  },
  {
   "type": "Feature",
   "properties": {
    "ward_id": 4008,
    "name": "Zone 4-8",
    "heat_stress": 0.040170671457175754,
    "lst_anom": -0.6836661512099217,
    "people": 1875.7768083368587
   },
   "geometry": {
    "type": "Polygon",
    "coordinates": [
     [
      [
       76.272,
       10.055
      ],
      [
       76.281,
       10.055
      ],
      [
       76.281,
       10.064
      ],
      [
       76.272,
       10.064
      ],
      [
       76.272,
       10.055
      ]
     ]
    ]
   }
  },
  {
   "type": "Feature",
   "properties": {
    "ward_id": 4009,
    "name": "Zone 4-9",
    "heat_stress": 0.05513342169741903,
    "lst_anom": -0.20170471198521858,
    "people": 2088.4159432916886
   },
   "geometry": {
    "type": "Polygon",
    "coordinates": [
     [
      [
       76.281,
       10.055
      ],
      [
       76.29,
       10.055
      ],
      [
       76.29,
       10.064
      ],
      [
       76.281,
       10.064
      ],
      [
       76.281,
       10.055
      ]
     ]
    ]
   }
  },
  {
   "type": "Feature",
   "properties": {
    "ward_id": 4010,
    "name": "Zone 4-10",
    "heat_stress": 0.1778719998357719,
    "lst_anom": 1.5340580900813763,
    "people": 4141.044810914498
   },
   "geometry": {
    "type": "Polygon",
    "coordinates": [
     [
      [
       76.29,
       10.055
      ],
      [
       76.299,
       10.055
      ],
      [
       76.299,
       10.064
      ],
      [
       76.29,
       10.064
      ],
      [
       76.29,
       10.055
      ]
     ]
    ]
   }
  },
  {
   "type": "Feature",
   "properties": {
    "ward_id": 4011,
    "name": "Zone 4-11",
    "heat_stress": 0.4689866587923205,
    "lst_anom": 4.596426656472034,
    "people": 8811.681289023612
   },
   "geometry": {
    "type": "Polygon",
    "coordinates": [
     [
      [
       76.299,
       10.055
      ],
      [
       76.308,
       10.055
      ],
      [
       76.308,
       10.064
      ],
      [
       76.299,
       10.064
      ],
      [
       76.299,
       10.055
      ]
     ]
    ]
   }
  },
  {
   "type": "Feature",
   "properties": {
    "ward_id": 4012,
    "name": "Zone 4-12",
    "heat_stress": 0.7178187794647826,
    "lst_anom": 7.186949527875168,
    "people": 12595.56954486524
   },
   "geometry": {
    "type": "Polygon",
    "coordinates": [
     [
      [
       76.308,
       10.055
      ],
      [
       76.31700000000001,
       10.055
      ],
      [
       76.31700000000001,
       10.064
      ],
      [
       76.308,
       10.064
      ],
      [
       76.308,
       10.055
      ]
     ]
    ]
   }
  },
  {
   "type": "Feature",
   "properties": {
    "ward_id": 4013,
    "name": "Zone 4-13",
    "heat_stress": 0.65158862727792,
    "lst_anom": 6.806293934181004,
    "people": 11501.292662027387
   },
   "geometry": {
    "type": "Polygon",
    "coordinates": [
     [
      [
       76.31700000000001,
       10.055
      ],
      [
       76.32600000000001,
       10.055
      ],
      [
       76.32600000000001,
       10.064
      ],
      [
       76.31700000000001,
       10.064
      ],
      [
       76.31700000000001,
       10.055
      ]
     ]
    ]
   }
  },
  {
   "type": "Feature",
   "properties": {
    "ward_id": 4014,
    "name": "Zone 4-14",
    "heat_stress": 0.35970399012609905,
    "lst_anom": 4.223043283824371,
    "people": 6581.350104477592
   },
   "geometry": {
    "type": "Polygon",
    "coordinates": [
     [
      [
       76.32600000000001,
       10.055
      ],
      [
       76.33500000000001,
       10.055
      ],
      [
       76.33500000000001,
       10.064
      ],
      [
       76.32600000000001,
       10.064
      ],
      [
       76.32600000000001,
       10.055
      ]
     ]
    ]
   }
  },
  {
   "type": "Feature",
   "properties": {
    "ward_id": 4015,
    "name": "Zone 4-15",
    "heat_stress": 0.15611906878354792,
    "lst_anom": 2.3574266765277967,
    "people": 3150.3768641267334
   },
   "geometry": {
    "type": "Polygon",
    "coordinates": [
     [
      [
       76.33500000000001,
       10.055
      ],
      [
       76.34400000000001,
       10.055
      ],
      [
       76.34400000000001,
       10.064
      ],
      [
       76.33500000000001,
       10.064
      ],
      [
       76.33500000000001,
       10.055
      ]
     ]
    ]
   }
  },
  {
   "type": "Feature",
   "properties": {
    "ward_id": 4016,
    "name": "Zone 4-16",
    "heat_stress": 0.12999671876253405,
    "lst_anom": 2.090929940002042,
    "people": 2101.158457832017
   },
   "geometry": {
    "type": "Polygon",
    "coordinates": [
     [
      [
       76.34400000000001,
       10.055
      ],
      [
       76.35300000000001,
       10.055
      ],
      [
       76.35300000000001,
       10.064
      ],
      [
       76.34400000000001,
       10.064
      ],
      [
       76.34400000000001,
       10.055
      ]
     ]
    ]
   }
  },
  {
   "type": "Feature",
   "properties": {
    "ward_id": 4017,
    "name": "Zone 4-17",
    "heat_stress": 0.09147557583810746,
    "lst_anom": 2.076363462128888,
    "people": 1708.32723846369
   },
   "geometry": {
    "type": "Polygon",
    "coordinates": [
     [
      [
       76.35300000000001,
       10.055
      ],
      [
       76.36200000000001,
       10.055
      ],
      [
       76.36200000000001,
       10.064
      ],
      [
       76.35300000000001,
       10.064
      ],
      [
       76.35300000000001,
       10.055
      ]
     ]
    ]
   }
  },
  {
   "type": "Feature",
   "properties": {
    "ward_id": 4018,
    "name": "Zone 4-18",
    "heat_stress": 0.12446964975674482,
    "lst_anom": 2.581771338518193,
    "people": 1941.8129154178928
   },
   "geometry": {
    "type": "Polygon",
    "coordinates": [
     [
      [
       76.36200000000001,
       10.055
      ],
      [
       76.37100000000001,
       10.055
      ],
      [
       76.37100000000001,
       10.064
      ],
      [
       76.36200000000001,
       10.064
      ],
      [
       76.36200000000001,
       10.055
      ]
     ]
    ]
   }
  },
  {
   "type": "Feature",
   "properties": {
    "ward_id": 4019,
    "name": "Zone 4-19",
    "heat_stress": 0.10176295648412315,
    "lst_anom": 2.5598968633027095,
    "people": 1638.4349205558176
   },
   "geometry": {
    "type": "Polygon",
    "coordinates": [
     [
      [
       76.371,
       10.055
      ],
      [
       76.38000000000001,
       10.055
      ],
      [
       76.38000000000001,
       10.064
      ],
      [
       76.371,
       10.064
      ],
      [
       76.371,
       10.055
      ]
     ]
    ]
   }
  },
  {
   "type": "Feature",
   "properties": {
    "ward_id": 4020,
    "name": "Zone 4-20",
    "heat_stress": 0.12508212043480305,
    "lst_anom": 3.1080167965571843,
    "people": 1778.3627622214844
   },
   "geometry": {
    "type": "Polygon",
    "coordinates": [
     [
      [
       76.38,
       10.055
      ],
      [
       76.38900000000001,
       10.055
      ],
      [
       76.38900000000001,
       10.064
      ],
      [
       76.38,
       10.064
      ],
      [
       76.38,
       10.055
      ]
     ]
    ]
   }
  },
  {
   "type": "Feature",
   "properties": {
    "ward_id": 4021,
    "name": "Zone 4-21",
    "heat_stress": 0.1223526336041176,
    "lst_anom": 3.452542971884576,
    "people": 1739.2192866428443
   },
   "geometry": {
    "type": "Polygon",
    "coordinates": [
     [
      [
       76.389,
       10.055
      ],
      [
       76.39800000000001,
       10.055
      ],
      [
       76.39800000000001,
       10.064
      ],
      [
       76.389,
       10.064
      ],
      [
       76.389,
       10.055
      ]
     ]
    ]
   }
  },
  {
   "type": "Feature",
   "properties": {
    "ward_id": 4022,
    "name": "Zone 4-22",
    "heat_stress": 0.13755295869940543,
    "lst_anom": 3.6618993982387504,
    "people": 363.928415307299
   },
   "geometry": {
    "type": "Polygon",
    "coordinates": [
     [
      [
       76.398,
       10.055
      ],
      [
       76.3998,
       10.055
      ],
      [
       76.3998,
       10.064
      ],
      [
       76.398,
       10.064
      ],
      [
       76.398,
       10.055
      ]
     ]
    ]
   }
  },
  {
   "type": "Feature",
   "properties": {
    "ward_id": 5000,
    "name": "Zone 5-0",
    "heat_stress": 0.0,
    "lst_anom": -3.4943997805453115,
    "people": 3.4102938731767667
   },
   "geometry": {
    "type": "Polygon",
    "coordinates": [
     [
      [
       76.2,
       10.046
      ],
      [
       76.209,
       10.046
      ],
      [
       76.209,
       10.055
      ],
      [
       76.2,
       10.055
      ],
      [
       76.2,
       10.046
      ]
     ]
    ]
   }
  },
  {
   "type": "Feature",
   "properties": {
    "ward_id": 5001,
    "name": "Zone 5-1",
    "heat_stress": 0.0,
    "lst_anom": -3.441948004120534,
    "people": 3.0752799972003024
   },
   "geometry": {
    "type": "Polygon",
    "coordinates": [
     [
      [
       76.209,
       10.046
      ],
      [
       76.218,
       10.046
      ],
      [
       76.218,
       10.055
      ],
      [
       76.209,
       10.055
      ],
      [
       76.209,
       10.046
      ]
     ]
    ]
   }
  },
  {
   "type": "Feature",
   "properties": {
    "ward_id": 5002,
    "name": "Zone 5-2",
    "heat_stress": 0.0,
    "lst_anom": -3.422698283392222,
    "people": 4.117852992063283
   },
   "geometry": {
    "type": "Polygon",
    "coordinates": [
     [
      [
       76.218,
       10.046
      ],
      [
       76.227,
       10.046
      ],
      [
       76.227,
       10.055
      ],
      [
       76.218,
       10.055
      ],
      [
       76.218,
       10.046
      ]
     ]
    ]
   }
  },
  {
   "type": "Feature",
   "properties": {
    "ward_id": 5003,
    "name": "Zone 5-3",
    "heat_stress": 0.0,
    "lst_anom": -3.694792486255731,
    "people": 5.846292519281091
   },
   "geometry": {
    "type": "Polygon",
    "coordinates": [
     [
      [
       76.227,
       10.046
      ],
      [
       76.236,
       10.046
      ],
      [
       76.236,
       10.055
      ],
      [
       76.227,
       10.055
      ],
      [
       76.227,
       10.046
      ]
     ]
    ]
   }
  },
  {
   "type": "Feature",
   "properties": {
    "ward_id": 5004,
    "name": "Zone 5-4",
    "heat_stress": 0.0,
    "lst_anom": -3.6181440847024153,
    "people": 2.6575901482285538
   },
   "geometry": {
    "type": "Polygon",
    "coordinates": [
     [
      [
       76.236,
       10.046
      ],
      [
       76.245,
       10.046
      ],
      [
       76.245,
       10.055
      ],
      [
       76.236,
       10.055
      ],
      [
       76.236,
       10.046
      ]
     ]
    ]
   }
  },
  {
   "type": "Feature",
   "properties": {
    "ward_id": 5005,
    "name": "Zone 5-5",
    "heat_stress": 0.0,
    "lst_anom": -3.454808961519663,
    "people": 3.37869540432238
   },
   "geometry": {
    "type": "Polygon",
    "coordinates": [
     [
      [
       76.245,
       10.046
      ],
      [
       76.254,
       10.046
      ],
      [
       76.254,
       10.055
      ],
      [
       76.245,
       10.055
      ],
      [
       76.245,
       10.046
      ]
     ]
    ]
   }
  },
  {
   "type": "Feature",
   "properties": {
    "ward_id": 5006,
    "name": "Zone 5-6",
    "heat_stress": 0.010060596277204301,
    "lst_anom": -1.6244084936706873,
    "people": 485.0250798431127
   },
   "geometry": {
    "type": "Polygon",
    "coordinates": [
     [
      [
       76.254,
       10.046
      ],
      [
       76.263,
       10.046
      ],
      [
       76.263,
       10.055
      ],
      [
       76.254,
       10.055
      ],
      [
       76.254,
       10.046
      ]
     ]
    ]
   }
  },
  {
   "type": "Feature",
   "properties": {
    "ward_id": 5007,
    "name": "Zone 5-7",
    "heat_stress": 0.023414165255176433,
    "lst_anom": -1.0806178516853138,
    "people": 1524.7133141549107
   },
   "geometry": {
    "type": "Polygon",
    "coordinates": [
     [
      [
       76.263,
       10.046
      ],
      [
       76.272,
       10.046
      ],
      [
       76.272,
       10.055
      ],
      [
       76.263,
       10.055
      ],
      [
       76.263,
       10.046
      ]
     ]
    ]
   }
  },
  {
   "type": "Feature",
   "properties": {
    "ward_id": 5008,
    "name": "Zone 5-8",
    "heat_stress": 0.04166871905988868,
    "lst_anom": -0.5047738506714794,
    "people": 1811.907009730109
   },
   "geometry": {
    "type": "Polygon",
    "coordinates": [
     [
      [
       76.272,
       10.046
      ],
      [
       76.281,
       10.046
      ],
      [
       76.281,
       10.055
      ],
      [
       76.272,
       10.055
      ],
      [
       76.272,
       10.046
      ]
     ]
    ]
   }
  },
  {
   "type": "Feature",
   "properties": {
    "ward_id": 5009,
    "name": "Zone 5-9",
    "heat_stress": 0.06760888460594443,
    "lst_anom": 0.12267743856165501,
    "people": 2339.7333092859726
   },
   "geometry": {
    "type": "Polygon",
    "coordinates": [
     [
      [
       76.281,
       10.046
      ],
      [
       76.29,
       10.046
      ],
      [
       76.29,
       10.055
      ],
      [
       76.281,
       10.055
      ],
      [
       76.281,
       10.046
      ]
     ]
    ]
   }
  },
  {
   "type": "Feature",
   "properties": {
    "ward_id": 5010,
    "name": "Zone 5-10",
    "heat_stress": 0.25745239391362673,
    "lst_anom": 2.3979769365922565,
    "people": 5399.331242316216
   },
   "geometry": {
    "type": "Polygon",
    "coordinates": [
     [
      [
       76.29,
       10.046
      ],
      [
       76.299,
       10.046
      ],
      [
       76.299,
       10.055
      ],
      [
       76.29,
       10.055
      ],
      [
       76.29,
       10.046
      ]
     ]
    ]
   }
  },
  {
   "type": "Feature",
   "properties": {
    "ward_id": 5011,
    "name": "Zone 5-11",
    "heat_stress": 0.6930893468818314,
    "lst_anom": 6.679376821236483,
    "people": 12346.064054415881
   },
   "geometry": {
    "type": "Polygon",
    "coordinates": [
     [
      [
       76.299,
       10.046
      ],
      [
       76.308,
       10.046
      ],
      [
       76.308,
       10.055
      ],
      [
       76.299,
       10.055
      ],
      [
       76.299,
       10.046
      ]
     ]
    ]
   }
  },
  {
   "type": "Feature",
   "properties": {
    "ward_id": 5012,
    "name": "Zone 5-12",
    "heat_stress": 0.9917200854813409,
    "lst_anom": 9.695903353255847,
    "people": 17030.30726552956
   },
   "geometry": {
    "type": "Polygon",
    "coordinates": [
     [
      [
       76.308,
       10.046
      ],
      [
       76.31700000000001,
       10.046
      ],
      [
       76.31700000000001,
       10.055
      ],
      [
       76.308,
       10.055
      ],
      [
       76.308,
       10.046
      ]
     ]
    ]
   }
  },
  {
   "type": "Feature",
   "properties": {
    "ward_id": 5013,
    "name": "Zone 5-13",
    "heat_stress": 0.8983541783708197,
    "lst_anom": 9.103247883408269,
    "people": 15425.88498259473
   },
   "geometry": {
    "type": "Polygon",
    "coordinates": [
     [
      [
       76.31700000000001,
       10.046
      ],
      [
       76.32600000000001,
       10.046
      ],
      [
       76.32600000000001,
       10.055
      ],
      [
       76.31700000000001,
       10.055
      ],
      [
       76.31700000000001,
       10.046
      ]
     ]
    ]
   }
  },
  {
   "type": "Feature",
   "properties": {
    "ward_id": 5014,
    "name": "Zone 5-14",
    "heat_stress": 0.47547878212662203,
    "lst_anom": 5.4391017084343165,
    "people": 8697.58757951227
   },
   "geometry": {
    "type": "Polygon",
    "coordinates": [
     [
      [
       76.32600000000001,
       10.046
      ],
      [
       76.33500000000001,
       10.046
      ],
      [
       76.33500000000001,
       10.055
      ],
      [
       76.32600000000001,
       10.055
      ],
      [
       76.32600000000001,
       10.046
      ]
     ]
    ]
   }
  },
  {
   "type": "Feature",
   "properties": {
    "ward_id": 5015,
    "name": "Zone 5-15",
    "heat_stress": 0.21070041248783236,
    "lst_anom": 2.943394758899452,
    "people": 3883.539558198302
   },
   "geometry": {
    "type": "Polygon",
    "coordinates": [
     [
      [
       76.33500000000001,
       10.046
      ],
      [
       76.34400000000001,
       10.046
      ],
      [
       76.34400000000001,
       10.055
      ],
      [
       76.33500000000001,
       10.055
      ],
      [
       76.33500000000001,
       10.046
      ]
     ]
    ]
   }
  },
  {
   "type": "Feature",
   "properties": {
    "ward_id": 5016,
    "name": "Zone 5-16",
    "heat_stress": 0.1310632586003424,
    "lst_anom": 2.3339391420085978,
    "people": 2277.8109916079607
   },
   "geometry": {
    "type": "Polygon",
    "coordinates": [
     [
      [
       76.34400000000001,
       10.046
      ],
      [
       76.35300000000001,
       10.046
      ],
      [
       76.35300000000001,
       10.055
      ],
      [
       76.34400000000001,
       10.055
      ],
      [
       76.34400000000001,
       10.046
      ]
     ]
    ]
   }
  },
  {
   "type": "Feature",
   "properties": {
    "ward_id": 5017,
    "name": "Zone 5-17",
    "heat_stress": 0.12049482258054105,
    "lst_anom": 2.5168756957688125,
    "people": 1961.6308249374877
   },
   "geometry": {
    "type": "Polygon",
    "coordinates": [
     [
      [
       76.35300000000001,
       10.046
      ],
      [
       76.36200000000001,
       10.046
      ],
      [
       76.36200000000001,
       10.055
      ],
      [
       76.35300000000001,
       10.055
      ],
      [
       76.35300000000001,
       10.046
      ]
     ]
    ]
   }
  },
  {
   "type": "Feature",
   "properties": {
    "ward_id": 5018,
    "name": "Zone 5-18",
    "heat_stress": 0.12546758221462367,
    "lst_anom": 2.806729361268749,
    "people": 1899.384636536224
   },
   "geometry": {
    "type": "Polygon",
    "coordinates": [
     [
      [
       76.36200000000001,
       10.046
      ],
      [
       76.37100000000001,
       10.046
      ],
      [
       76.37100000000001,
       10.055
      ],
      [
       76.36200000000001,
       10.055
      ],
      [
       76.36200000000001,
       10.046
      ]
     ]
    ]
   }
  },
  {
   "type": "Feature",
   "properties": {
    "ward_id": 5019,
    "name": "Zone 5-19",
    "heat_stress": 0.11137096734384427,
    "lst_anom": 2.8856168578371415,
    "people": 1948.4146220836699
   },
   "geometry": {
    "type": "Polygon",
    "coordinates": [
     [
      [
       76.371,
       10.046
      ],
      [
       76.38000000000001,
       10.046
      ],
      [
       76.38000000000001,
       10.055
      ],
      [
       76.371,
       10.055
      ],
      [
       76.371,
       10.046
      ]
     ]
    ]
   }
  },
  {
   "type": "Feature",
   "properties": {
    "ward_id": 5020,
    "name": "Zone 5-20",
    "heat_stress": 0.1262988402762138,
    "lst_anom": 3.2609115579866055,
    "people": 1995.5862800567375
   },
   "geometry": {
    "type": "Polygon",
    "coordinates": [
     [
      [
       76.38,
       10.046
      ],
      [
       76.38900000000001,
       10.046
      ],
      [
       76.38900000000001,
       10.055
      ],
      [
       76.38,
       10.055
      ],
      [
       76.38,
       10.046
      ]
     ]
    ]
   }
  },
  {
   "type": "Feature",
   "properties": {
    "ward_id": 5021,
    "name": "Zone 5-21",
    "heat_stress": 0.12798881614408045,
    "lst_anom": 3.5541489341276407,
    "people": 1832.8439418684884
   },
   "geometry": {
    "type": "Polygon",
    "coordinates": [
     [
      [
       76.389,
       10.046
      ],
      [
       76.39800000000001,
       10.046
      ],
      [
       76.39800000000001,
       10.055
      ],
      [
       76.389,
       10.055
      ],
      [
       76.389,
       10.046
      ]
     ]
    ]
   }
  },
  {
   "type": "Feature",
   "properties": {
    "ward_id": 5022,
    "name": "Zone 5-22",
    "heat_stress": 0.10083481104210931,
    "lst_anom": 3.588833441188068,
    "people": 350.2944864144846
   },
   "geometry": {
    "type": "Polygon",
    "coordinates": [
     [
      [
       76.398,
       10.046
      ],
      [
       76.3998,
       10.046
      ],
      [
       76.3998,
       10.055
      ],
      [
       76.398,
       10.055
      ],
      [
       76.398,
       10.046
      ]
     ]
    ]
   }
  },
  {
   "type": "Feature",
   "properties": {
    "ward_id": 6000,
    "name": "Zone 6-0",
    "heat_stress": 0.0,
    "lst_anom": -3.416032483344289,
    "people": 5.075254283845691
   },
   "geometry": {
    "type": "Polygon",
    "coordinates": [
     [
      [
       76.2,
       10.036999999999999
      ],
      [
       76.209,
       10.036999999999999
      ],
      [
       76.209,
       10.046000000000001
      ],
      [
       76.2,
       10.046000000000001
      ],
      [
       76.2,
       10.036999999999999
      ]
     ]
    ]
   }
  },
  {
   "type": "Feature",
   "properties": {
    "ward_id": 6001,
    "name": "Zone 6-1",
    "heat_stress": 0.0,
    "lst_anom": -3.5838104394895014,
    "people": 4.564987733242685
   },
   "geometry": {
    "type": "Polygon",
    "coordinates": [
     [
      [
       76.209,
       10.036999999999999
      ],
      [
       76.218,
       10.036999999999999
      ],
      [
       76.218,
       10.046000000000001
      ],
      [
       76.209,
       10.046000000000001
      ],
      [
       76.209,
       10.036999999999999
      ]
     ]
    ]
   }
  },
  {
   "type": "Feature",
   "properties": {
    "ward_id": 6002,
    "name": "Zone 6-2",
    "heat_stress": 0.0,
    "lst_anom": -3.4447608430771264,
    "people": 5.005011868222887
   },
   "geometry": {
    "type": "Polygon",
    "coordinates": [
     [
      [
       76.218,
       10.036999999999999
      ],
      [
       76.227,
       10.036999999999999
      ],
      [
       76.227,
       10.046000000000001
      ],
      [
       76.218,
       10.046000000000001
      ],
      [
       76.218,
       10.036999999999999
      ]
     ]
    ]
   }
  },
  {
   "type": "Feature",
   "properties": {
    "ward_id": 6003,
    "name": "Zone 6-3",
    "heat_stress": 0.0,
    "lst_anom": -3.4396432894838322,
    "people": 4.896003061015286
   },
   "geometry": {
    "type": "Polygon",
    "coordinates": [
     [
      [
       76.227,
       10.036999999999999
      ],
      [
       76.236,
       10.036999999999999
      ],
      [
       76.236,
       10.046000000000001
      ],
      [
       76.227,
       10.046000000000001
      ],
      [
       76.227,
       10.036999999999999
      ]
     ]
    ]
   }
  },
  {
   "type": "Feature",
   "properties": {
    "ward_id": 6004,
    "name": "Zone 6-4",
    "heat_stress": 0.0,
    "lst_anom": -3.4691910553165255,
    "people": 3.4577101011923834
   },
   "geometry": {
    "type": "Polygon",
    "coordinates": [
     [
      [
       76.236,
       10.036999999999999
      ],
      [
       76.245,
       10.036999999999999
      ],
      [
       76.245,
       10.046000000000001
      ],
      [
       76.236,
       10.046000000000001
      ],
      [
       76.236,
       10.036999999999999
      ]
     ]
    ]
   }
  },
  {
   "type": "Feature",
   "properties": {
    "ward_id": 6005,
    "name": "Zone 6-5",
    "heat_stress": 0.0,
    "lst_anom": -3.4100460160704924,
    "people": 9.099033040705011
   },
   "geometry": {
    "type": "Polygon",
    "coordinates": [
     [
      [
       76.245,
       10.036999999999999
      ],
      [
       76.254,
       10.036999999999999
      ],
      [
       76.254,
       10.046000000000001
      ],
      [
       76.245,
       10.046000000000001
      ],
      [
       76.245,
       10.036999999999999
      ]
     ]
    ]
   }
  },
  {
   "type": "Feature",
   "properties": {
    "ward_id": 6006,
    "name": "Zone 6-6",
    "heat_stress": 0.024265342561853143,
    "lst_anom": -1.2815813784428254,
    "people": 1306.6334727907397
   },
   "geometry": {
    "type": "Polygon",
    "coordinates": [
     [
      [
       76.254,
       10.036999999999999
      ],
      [
       76.263,
       10.036999999999999
      ],
      [
       76.263,
       10.046000000000001
      ],
      [
       76.254,
       10.046000000000001
      ],
      [
       76.254,
       10.036999999999999
      ]
     ]
    ]
   }
  },
  {
   "type": "Feature",
   "properties": {
    "ward_id": 6007,
    "name": "Zone 6-7",
    "heat_stress": 0.029877779391148836,
    "lst_anom": -0.9430346040517954,
    "people": 1989.9679539286758
   },
   "geometry": {
    "type": "Polygon",
    "coordinates": [
     [
      [
       76.263,
       10.036999999999999
      ],
      [
       76.272,
       10.036999999999999
      ],
      [
       76.272,
       10.046000000000001
      ],
      [
       76.263,
       10.046000000000001
      ],
      [
       76.263,
       10.036999999999999
      ]
     ]
    ]
   }
  },
  {
   "type": "Feature",
   "properties": {
    "ward_id": 6008,
    "name": "Zone 6-8",
    "heat_stress": 0.034767339957731444,
    "lst_anom": -0.558489705193693,
    "people": 1682.7515661633133
   },
   "geometry": {
    "type": "Polygon",
    "coordinates": [
     [
      [
       76.272,
       10.036999999999999
      ],
      [
       76.281,
       10.036999999999999
      ],
      [
       76.281,
       10.046000000000001
      ],
      [
       76.272,
       10.046000000000001
      ],
      [
       76.272,
       10.036999999999999
      ]
     ]
    ]
   }
  },
  {
   "type": "Feature",
   "properties": {
    "ward_id": 6009,
    "name": "Zone 6-9",
    "heat_stress": 0.09623640492409667,
    "lst_anom": 0.5100577746412407,
    "people": 2869.8287546757415
   },
   "geometry": {
    "type": "Polygon",
    "coordinates": [
     [
      [
       76.281,
       10.036999999999999
      ],
      [
       76.29,
       10.036999999999999
      ],
      [
       76.29,
       10.046000000000001
      ],
      [
       76.281,
       10.046000000000001
      ],
      [
       76.281,
       10.036999999999999
      ]
     ]
    ]
   }
  },
  {
   "type": "Feature",
   "properties": {
    "ward_id": 6010,
    "name": "Zone 6-10",
    "heat_stress": 0.34195716142238414,
    "lst_anom": 3.4202844500242997,
    "people": 6320.963625592883
   },
   "geometry": {
    "type": "Polygon",
    "coordinates": [
     [
      [
       76.29,
       10.036999999999999
      ],
      [
       76.299,
       10.036999999999999
      ],
      [
       76.299,
       10.046000000000001
      ],
      [
       76.29,
       10.046000000000001
      ],
      [
       76.29,
       10.036999999999999
      ]
     ]
    ]
   }
  },
  {
   "type": "Feature",
   "properties": {
    "ward_id": 6011,
    "name": "Zone 6-11",
    "heat_stress": 0.7635033955005591,
    "lst_anom": 7.4354917960443565,
    "people": 13497.481312446176
   },
   "geometry": {
    "type": "Polygon",
    "coordinates": [
     [
      [
       76.299,
       10.036999999999999
      ],
      [
       76.308,
       10.036999999999999
      ],
      [
       76.308,
       10.046000000000001
      ],
      [
       76.299,
       10.046000000000001
      ],
      [
       76.299,
       10.036999999999999
      ]
     ]
    ]
   }
  },
  {
   "type": "Feature",
   "properties": {
    "ward_id": 6012,
    "name": "Zone 6-12",
    "heat_stress": 0.9599934247869178,
    "lst_anom": 9.52351348388041,
    "people": 16474.135837838905
   },
   "geometry": {
    "type": "Polygon",
    "coordinates": [
     [
      [
       76.308,
       10.036999999999999
      ],
      [
       76.31700000000001,
       10.036999999999999
      ],
      [
       76.31700000000001,
       10.046000000000001
      ],
      [
       76.308,
       10.046000000000001
      ],
      [
       76.308,
       10.036999999999999
      ]
     ]
    ]
   }
  },
  {
   "type": "Feature",
   "properties": {
    "ward_id": 6013,
    "name": "Zone 6-13",
    "heat_stress": 0.7763372780436697,
    "lst_anom": 8.175140884002094,
    "people": 13505.183785090203
   },
   "geometry": {
    "type": "Polygon",
    "coordinates": [
     [
      [
       76.31700000000001,
       10.036999999999999
      ],
      [
       76.32600000000001,
       10.036999999999999
      ],
      [
       76.32600000000001,
       10.046000000000001
      ],
      [
       76.31700000000001,
       10.046000000000001
      ],
      [
       76.31700000000001,
       10.036999999999999
      ]
     ]
    ]
   }
  },
  {
   "type": "Feature",
   "properties": {
    "ward_id": 6014,
    "name": "Zone 6-14",
    "heat_stress": 0.44688476378614994,
    "lst_anom": 5.313816537391062,
    "people": 8339.445621907447
   },
   "geometry": {
    "type": "Polygon",
    "coordinates": [
     [
      [
       76.32600000000001,
       10.036999999999999
      ],
      [
       76.33500000000001,
       10.036999999999999
      ],
      [
       76.33500000000001,
       10.046000000000001
      ],
      [
       76.32600000000001,
       10.046000000000001
      ],
      [
       76.32600000000001,
       10.036999999999999
      ]
     ]
    ]
   }
  },
  {
   "type": "Feature",
   "properties": {
    "ward_id": 6015,
    "name": "Zone 6-15",
    "heat_stress": 0.27857342579491956,
    "lst_anom": 3.7831240339634404,
    "people": 5345.841849892431
   },
   "geometry": {
    "type": "Polygon",
    "coordinates": [
     [
      [
       76.33500000000001,
       10.036999999999999
      ],
      [
       76.34400000000001,
       10.036999999999999
      ],
      [
       76.34400000000001,
       10.046000000000001
      ],
      [
       76.33500000000001,
       10.046000000000001
      ],
      [
       76.33500000000001,
       10.036999999999999
      ]
     ]
    ]
   }
  },
  {
   "type": "Feature",
   "properties": {
    "ward_id": 6016,
    "name": "Zone 6-16",
    "heat_stress": 0.27666863758686766,
    "lst_anom": 4.0236256224997975,
    "people": 4937.8892771590445
   },
   "geometry": {
    "type": "Polygon",
    "coordinates": [
     [
      [
       76.34400000000001,
       10.036999999999999
      ],
      [
       76.35300000000001,
       10.036999999999999
      ],
      [
       76.35300000000001,
       10.046000000000001
      ],
      [
       76.34400000000001,
       10.046000000000001
      ],
      [
       76.34400000000001,
       10.036999999999999
      ]
     ]
    ]
   }
  },
  {
   "type": "Feature",
   "properties": {
    "ward_id": 6017,
    "name": "Zone 6-17",
    "heat_stress": 0.22330036063316883,
    "lst_anom": 3.794752499968785,
    "people": 3571.451946254884
   },
   "geometry": {
    "type": "Polygon",
    "coordinates": [
     [
      [
       76.35300000000001,
       10.036999999999999
      ],
      [
       76.36200000000001,
       10.036999999999999
      ],
      [
       76.36200000000001,
       10.046000000000001
      ],
      [
       76.35300000000001,
       10.046000000000001
      ],
      [
       76.35300000000001,
       10.036999999999999
      ]
     ]
    ]
   }
  },
  {
   "type": "Feature",
   "properties": {
    "ward_id": 6018,
    "name": "Zone 6-18",
    "heat_stress": 0.1881124771054427,
    "lst_anom": 3.4763446281163235,
    "people": 2991.7870719863863
   },
   "geometry": {
    "type": "Polygon",
    "coordinates": [
     [
      [
       76.36200000000001,
       10.036999999999999
      ],
      [
       76.37100000000001,
       10.036999999999999
      ],
      [
       76.37100000000001,
       10.046000000000001
      ],
      [
       76.36200000000001,
       10.046000000000001
      ],
      [
       76.36200000000001,
       10.036999999999999
      ]
     ]
    ]
   }
  },
  {
   "type": "Feature",
   "properties": {
    "ward_id": 6019,
    "name": "Zone 6-19",
    "heat_stress": 0.13447665323404678,
    "lst_anom": 3.228284841052215,
    "people": 2150.080534598145
   },
   "geometry": {
    "type": "Polygon",
    "coordinates": [
     [
      [
       76.371,
       10.036999999999999
      ],
      [
       76.38000000000001,
       10.036999999999999
      ],
      [
       76.38000000000001,
       10.046000000000001
      ],
      [
       76.371,
       10.046000000000001
      ],
      [
       76.371,
       10.036999999999999
      ]
     ]
    ]
   }
  },
  {
   "type": "Feature",
   "properties": {
    "ward_id": 6020,
    "name": "Zone 6-20",
    "heat_stress": 0.1245192478575457,
    "lst_anom": 3.437491390854834,
    "people": 1874.7976872539887
   },
   "geometry": {
    "type": "Polygon",
    "coordinates": [
     [
      [
       76.38,
       10.036999999999999
      ],
      [
       76.38900000000001,
       10.036999999999999
      ],
      [
       76.38900000000001,
       10.046000000000001
      ],
      [
       76.38,
       10.046000000000001
      ],
      [
       76.38,
       10.036999999999999
      ]
     ]
    ]
   }
  },
  {
   "type": "Feature",
   "properties": {
    "ward_id": 6021,
    "name": "Zone 6-21",
    "heat_stress": 0.1078673178108675,
    "lst_anom": 3.5010427615655115,
    "people": 1486.886605815853
   },
   "geometry": {
    "type": "Polygon",
    "coordinates": [
     [
      [
       76.389,
       10.036999999999999
      ],
      [
       76.39800000000001,
       10.036999999999999
      ],
      [
       76.39800000000001,
       10.046000000000001
      ],
      [
       76.389,
       10.046000000000001
      ],
      [
       76.389,
       10.036999999999999
      ]
     ]
    ]
   }
  },
  {
   "type": "Feature",
   "properties": {
    "ward_id": 6022,
    "name": "Zone 6-22",
    "heat_stress": 0.12051876232391821,
    "lst_anom": 3.702079376687896,
    "people": 334.7726135171198
   },
   "geometry": {
    "type": "Polygon",
    "coordinates": [
     [
      [
       76.398,
       10.036999999999999
      ],
      [
       76.3998,
       10.036999999999999
      ],
      [
       76.3998,
       10.046000000000001
      ],
      [
       76.398,
       10.046000000000001
      ],
      [
       76.398,
       10.036999999999999
      ]
     ]
    ]
   }
  },
  {
   "type": "Feature",
   "properties": {
    "ward_id": 7000,
    "name": "Zone 7-0",
    "heat_stress": 0.0,
    "lst_anom": -3.4557350340233834,
    "people": 5.056756511453168
   },
   "geometry": {
    "type": "Polygon",
    "coordinates": [
     [
      [
       76.2,
       10.027999999999999
      ],
      [
       76.209,
       10.027999999999999
      ],
      [
       76.209,
       10.037
      ],
      [
       76.2,
       10.037
      ],
      [
       76.2,
       10.027999999999999
      ]
     ]
    ]
   }
  },
  {
   "type": "Feature",
   "properties": {
    "ward_id": 7001,
    "name": "Zone 7-1",
    "heat_stress": 0.0,
    "lst_anom": -3.725306409503676,
    "people": 2.684541648146026
   },
   "geometry": {
    "type": "Polygon",
    "coordinates": [
     [
      [
       76.209,
       10.027999999999999
      ],
      [
       76.218,
       10.027999999999999
      ],
      [
       76.218,
       10.037
      ],
      [
       76.209,
       10.037
      ],
      [
       76.209,
       10.027999999999999
      ]
     ]
    ]
   }
  },
  {
   "type": "Feature",
   "properties": {
    "ward_id": 7002,
    "name": "Zone 7-2",
    "heat_stress": 0.0,
    "lst_anom": -3.5131903897583356,
    "people": 3.865954671161788
   },
   "geometry": {
    "type": "Polygon",
    "coordinates": [
     [
      [
       76.218,
       10.027999999999999
      ],
      [
       76.227,
       10.027999999999999
      ],
      [
       76.227,
       10.037
      ],
      [
       76.218,
       10.037
      ],
      [
       76.218,
       10.027999999999999
      ]
     ]
    ]
   }
  },
  {
   "type": "Feature",
   "properties": {
    "ward_id": 7003,
    "name": "Zone 7-3",
    "heat_stress": 0.0,
    "lst_anom": -3.5054041607736592,
    "people": 4.407653129007162
   },
   "geometry": {
    "type": "Polygon",
    "coordinates": [
     [
      [
       76.227,
       10.027999999999999
      ],
      [
       76.236,
       10.027999999999999
      ],
      [
       76.236,
       10.037
      ],
      [
       76.227,
       10.037
      ],
      [
       76.227,
       10.027999999999999
      ]
     ]
    ]
   }
  },
  {
   "type": "Feature",
   "properties": {
    "ward_id": 7004,
    "name": "Zone 7-4",
    "heat_stress": 0.0,
    "lst_anom": -3.416079334691548,
    "people": 4.6864230770691915
   },
   "geometry": {
    "type": "Polygon",
    "coordinates": [
     [
      [
       76.236,
       10.027999999999999
      ],
      [
       76.245,
       10.027999999999999
      ],
      [
       76.245,
       10.037
      ],
      [
       76.236,
       10.037
      ],
      [
       76.236,
       10.027999999999999
      ]
     ]
    ]
   }
  },
  {
   "type": "Feature",
   "properties": {
    "ward_id": 7005,
    "name": "Zone 7-5",
    "heat_stress": 0.00033322187108438206,
    "lst_anom": -2.07655490954823,
    "people": 28.664865584343794
   },
   "geometry": {
    "type": "Polygon",
    "coordinates": [
     [
      [
       76.245,
       10.027999999999999
      ],
      [
       76.254,
       10.027999999999999
      ],
      [
       76.254,
       10.037
      ],
      [
       76.245,
       10.037
      ],
      [
       76.245,
       10.027999999999999
      ]
     ]
    ]
   }
  },
  {
   "type": "Feature",
   "properties": {
    "ward_id": 7006,
    "name": "Zone 7-6",
    "heat_stress": 0.022207388687073445,
    "lst_anom": -1.1633357425567001,
    "people": 1538.3381688923992
   },
   "geometry": {
    "type": "Polygon",
    "coordinates": [
     [
      [
       76.254,
       10.027999999999999
      ],
      [
       76.263,
       10.027999999999999
      ],
      [
       76.263,
       10.037
      ],
      [
       76.254,
       10.037
      ],
      [
       76.254,
       10.027999999999999
      ]
     ]
    ]
   }
  },
  {
   "type": "Feature",
   "properties": {
    "ward_id": 7007,
    "name": "Zone 7-7",
    "heat_stress": 0.0402198960705694,
    "lst_anom": -0.6378315691345353,
    "people": 2027.9425145415596
   },
   "geometry": {
    "type": "Polygon",
    "coordinates": [
     [
      [
       76.263,
       10.027999999999999
      ],
      [
       76.272,
       10.027999999999999
      ],
      [
       76.272,
       10.037
      ],
      [
       76.263,
       10.037
      ],
      [
       76.263,
       10.027999999999999
      ]
     ]
    ]
   }
  },
  {
   "type": "Feature",
   "properties": {
    "ward_id": 7008,
    "name": "Zone 7-8",
    "heat_stress": 0.07735585695475498,
    "lst_anom": 0.2101702939119476,
    "people": 2484.0810042795406
   },
   "geometry": {
    "type": "Polygon",
    "coordinates": [
     [
      [
       76.272,
       10.027999999999999
      ],
      [
       76.281,
       10.027999999999999
      ],
      [
       76.281,
       10.037
      ],
      [
       76.272,
       10.037
      ],
      [
       76.272,
       10.027999999999999
      ]
     ]
    ]
   }
  },
  {
   "type": "Feature",
   "properties": {
    "ward_id": 7009,
    "name": "Zone 7-9",
    "heat_stress": 0.1599197404135455,
    "lst_anom": 1.516317501883694,
    "people": 3731.2101231154575
   },
   "geometry": {
    "type": "Polygon",
    "coordinates": [
     [
      [
       76.281,
       10.027999999999999
      ],
      [
       76.29,
       10.027999999999999
      ],
      [
       76.29,
       10.037
      ],
      [
       76.281,
       10.037
      ],
      [
       76.281,
       10.027999999999999
      ]
     ]
    ]
   }
  },
  {
   "type": "Feature",
   "properties": {
    "ward_id": 7010,
    "name": "Zone 7-10",
    "heat_stress": 0.5237524293016552,
    "lst_anom": 5.171420093243455,
    "people": 9470.707376066004
   },
   "geometry": {
    "type": "Polygon",
    "coordinates": [
     [
      [
       76.29,
       10.027999999999999
      ],
      [
       76.299,
       10.027999999999999
      ],
      [
       76.299,
       10.037
      ],
      [
       76.29,
       10.037
      ],
      [
       76.29,
       10.027999999999999
      ]
     ]
    ]
   }
  },
  {
   "type": "Feature",
   "properties": {
    "ward_id": 7011,
    "name": "Zone 7-11",
    "heat_stress": 0.9135912275565239,
    "lst_anom": 8.848025837292763,
    "people": 15835.27849084603
   },
   "geometry": {
    "type": "Polygon",
    "coordinates": [
     [
      [
       76.299,
       10.027999999999999
      ],
      [
       76.308,
       10.027999999999999
      ],
      [
       76.308,
       10.037
      ],
      [
       76.299,
       10.037
      ],
      [
       76.299,
       10.027999999999999
      ]
     ]
    ]
   }
  },
  {
   "type": "Feature",
   "properties": {
    "ward_id": 7012,
    "name": "Zone 7-12",
    "heat_stress": 0.8987775767912459,
    "lst_anom": 9.114186680902645,
    "people": 15509.788745948286
   },
   "geometry": {
    "type": "Polygon",
    "coordinates": [
     [
      [
       76.308,
       10.027999999999999
      ],
      [
       76.31700000000001,
       10.027999999999999
      ],
      [
       76.31700000000001,
       10.037
      ],
      [
       76.308,
       10.037
      ],
      [
       76.308,
       10.027999999999999
      ]
     ]
    ]
   }
  },
  {
   "type": "Feature",
   "properties": {
    "ward_id": 7013,
    "name": "Zone 7-13",
    "heat_stress": 0.5797760750126488,
    "lst_anom": 6.349968346073113,
    "people": 10390.169333513757
   },
   "geometry": {
    "type": "Polygon",
    "coordinates": [
     [
      [
       76.31700000000001,
       10.027999999999999
      ],
      [
       76.32600000000001,
       10.027999999999999
      ],
      [
       76.32600000000001,
       10.037
      ],
      [
       76.31700000000001,
       10.037
      ],
      [
       76.31700000000001,
       10.027999999999999
      ]
     ]
    ]
   }
  },
  {
   "type": "Feature",
   "properties": {
    "ward_id": 7014,
    "name": "Zone 7-14",
    "heat_stress": 0.4093246220199468,
    "lst_anom": 5.0358244236469,
    "people": 7826.354585702958
   },
   "geometry": {
    "type": "Polygon",
    "coordinates": [
     [
      [
       76.32600000000001,
       10.027999999999999
      ],
      [
       76.33500000000001,
       10.027999999999999
      ],
      [
       76.33500000000001,
       10.037
      ],
      [
       76.32600000000001,
       10.037
      ],
      [
       76.32600000000001,
       10.027999999999999
      ]
     ]
    ]
   }
  },
  {
   "type": "Feature",
   "properties": {
    "ward_id": 7015,
    "name": "Zone 7-15",
    "heat_stress": 0.4931805507985135,
    "lst_anom": 6.123865136338984,
    "people": 8703.429791968874
   },
   "geometry": {
    "type": "Polygon",
    "coordinates": [
     [
      [
       76.33500000000001,
       10.027999999999999
      ],
      [
       76.34400000000001,
       10.027999999999999
      ],
      [
       76.34400000000001,
       10.037
      ],
      [
       76.33500000000001,
       10.037
      ],
      [
       76.33500000000001,
       10.027999999999999
      ]
     ]
    ]
   }
  },
  {
   "type": "Feature",
   "properties": {
    "ward_id": 7016,
    "name": "Zone 7-16",
    "heat_stress": 0.58287966731342,
    "lst_anom": 7.3563104600042095,
    "people": 10075.984296999424
   },
   "geometry": {
    "type": "Polygon",
    "coordinates": [
     [
      [
       76.34400000000001,
       10.027999999999999
      ],
      [
       76.35300000000001,
       10.027999999999999
      ],
      [
       76.35300000000001,
       10.037
      ],
      [
       76.34400000000001,
       10.037
      ],
      [
       76.34400000000001,
       10.027999999999999
      ]
     ]
    ]
   }
  },
  {
   "type": "Feature",
   "properties": {
    "ward_id": 7017,
    "name": "Zone 7-17",
    "heat_stress": 0.5190788024141786,
    "lst_anom": 6.964710858142845,
    "people": 8795.440897454071
   },
   "geometry": {
    "type": "Polygon",
    "coordinates": [
     [
      [
       76.35300000000001,
       10.027999999999999
      ],
      [
       76.36200000000001,
       10.027999999999999
      ],
      [
       76.36200000000001,
       10.037
      ],
      [
       76.35300000000001,
       10.037
      ],
      [
       76.35300000000001,
       10.027999999999999
      ]
     ]
    ]
   }
  },
  {
   "type": "Feature",
   "properties": {
    "ward_id": 7018,
    "name": "Zone 7-18",
    "heat_stress": 0.3253585682684037,
    "lst_anom": 5.237163676870885,
    "people": 5540.8400669635475
   },
   "geometry": {
    "type": "Polygon",
    "coordinates": [
     [
      [
       76.36200000000001,
       10.027999999999999
      ],
      [
       76.37100000000001,
       10.027999999999999
      ],
      [
       76.37100000000001,
       10.037
      ],
      [
       76.36200000000001,
       10.037
      ],
      [
       76.36200000000001,
       10.027999999999999
      ]
     ]
    ]
   }
  },
  {
   "type": "Feature",
   "properties": {
    "ward_id": 7019,
    "name": "Zone 7-19",
    "heat_stress": 0.20727047169524493,
    "lst_anom": 4.058895995868778,
    "people": 3441.091179103594
   },
   "geometry": {
    "type": "Polygon",
    "coordinates": [
     [
      [
       76.371,
       10.027999999999999
      ],
      [
       76.38000000000001,
       10.027999999999999
      ],
      [
       76.38000000000001,
       10.037
      ],
      [
       76.371,
       10.037
      ],
      [
       76.371,
       10.027999999999999
      ]
     ]
    ]
   }
  },
  {
   "type": "Feature",
   "properties": {
    "ward_id": 7020,
    "name": "Zone 7-20",
    "heat_stress": 0.1443162460434499,
    "lst_anom": 3.5561768607392543,
    "people": 2286.169456442197
   },
   "geometry": {
    "type": "Polygon",
    "coordinates": [
     [
      [
       76.38,
       10.027999999999999
      ],
      [
       76.38900000000001,
       10.027999999999999
      ],
      [
       76.38900000000001,
       10.037
      ],
      [
       76.38,
       10.037
      ],
      [
       76.38,
       10.027999999999999
      ]
     ]
    ]
   }
  },
  {
   "type": "Feature",
   "properties": {
    "ward_id": 7021,
    "name": "Zone 7-21",
    "heat_stress": 0.12194137737479974,
    "lst_anom": 3.6910958484273504,
    "people": 1783.0795751665987
   },
   "geometry": {
    "type": "Polygon",
    "coordinates": [
     [
      [
       76.389,
       10.027999999999999
      ],
      [
       76.39800000000001,
       10.027999999999999
      ],
      [
       76.39800000000001,
       10.037
      ],
      [
       76.389,
       10.037
      ],
      [
       76.389,
       10.027999999999999
      ]
     ]
    ]
   }
  },
  {
   "type": "Feature",
   "properties": {
    "ward_id": 7022,
    "name": "Zone 7-22",
    "heat_stress": 0.11806885684074199,
    "lst_anom": 3.925340606351361,
    "people": 250.7887938922712
   },
   "geometry": {
    "type": "Polygon",
    "coordinates": [
     [
      [
       76.398,
       10.027999999999999
      ],
      [
       76.3998,
       10.027999999999999
      ],
      [
       76.3998,
       10.037
      ],
      [
       76.398,
       10.037
      ],
      [
       76.398,
       10.027999999999999
      ]
     ]
    ]
   }
  },
  {
   "type": "Feature",
   "properties": {
    "ward_id": 8000,
    "name": "Zone 8-0",
    "heat_stress": 0.0,
    "lst_anom": -3.488495707075582,
    "people": 5.665444262533825
   },
   "geometry": {
    "type": "Polygon",
    "coordinates": [
     [
      [
       76.2,
       10.018999999999998
      ],
      [
       76.209,
       10.018999999999998
      ],
      [
       76.209,
       10.028
      ],
      [
       76.2,
       10.028
      ],
      [
       76.2,
       10.018999999999998
      ]
     ]
    ]
   }
  },
  {
   "type": "Feature",
   "properties": {
    "ward_id": 8001,
    "name": "Zone 8-1",
    "heat_stress": 1.7756924900359983e-06,
    "lst_anom": -1.717476763389104,
    "people": 24.578076942039512
   },
   "geometry": {
    "type": "Polygon",
    "coordinates": [
     [
      [
       76.209,
       10.018999999999998
      ],
      [
       76.218,
       10.018999999999998
      ],
      [
       76.218,
       10.028
      ],
      [
       76.209,
       10.028
      ],
      [
       76.209,
       10.018999999999998
      ]
     ]
    ]
   }
  },
  {
   "type": "Feature",
   "properties": {
    "ward_id": 8002,
    "name": "Zone 8-2",
    "heat_stress": 0.0022108852793953156,
    "lst_anom": -2.0556990540983224,
    "people": 94.8784916500524
   },
   "geometry": {
    "type": "Polygon",
    "coordinates": [
     [
      [
       76.218,
       10.018999999999998
      ],
      [
       76.227,
       10.018999999999998
      ],
      [
       76.227,
       10.028
      ],
      [
       76.218,
       10.028
      ],
      [
       76.218,
       10.018999999999998
      ]
     ]
    ]
   }
  },
  {
   "type": "Feature",
   "properties": {
    "ward_id": 8003,
    "name": "Zone 8-3",
    "heat_stress": 0.0008776773664062573,
    "lst_anom": -2.1805836850139197,
    "people": 63.59696673891016
   },
   "geometry": {
    "type": "Polygon",
    "coordinates": [
     [
      [
       76.227,
       10.018999999999998
      ],
      [
       76.236,
       10.018999999999998
      ],
      [
       76.236,
       10.028
      ],
      [
       76.227,
       10.028
      ],
      [
       76.227,
       10.018999999999998
      ]
     ]
    ]
   }
  },
  {
   "type": "Feature",
   "properties": {
    "ward_id": 8004,
    "name": "Zone 8-4",
    "heat_stress": 0.004045404026479064,
    "lst_anom": -1.8588901643426254,
    "people": 106.75796958202288
   },
   "geometry": {
    "type": "Polygon",
    "coordinates": [
     [
      [
       76.236,
       10.018999999999998
      ],
      [
       76.245,
       10.018999999999998
      ],
      [
       76.245,
       10.028
      ],
      [
       76.236,
       10.028
      ],
      [
       76.236,
       10.018999999999998
      ]
     ]
    ]
   }
  },
  {
   "type": "Feature",
   "properties": {
    "ward_id": 8005,
    "name": "Zone 8-5",
    "heat_stress": 0.021442301586361887,
    "lst_anom": -1.4926076612822934,
    "people": 332.6613172102695
   },
   "geometry": {
    "type": "Polygon",
    "coordinates": [
     [
      [
       76.245,
       10.018999999999998
      ],
      [
       76.254,
       10.018999999999998
      ],
      [
       76.254,
       10.028
      ],
      [
       76.245,
       10.028
      ],
      [
       76.245,
       10.018999999999998
      ]
     ]
    ]
   }
  },
  {
   "type": "Feature",
   "properties": {
    "ward_id": 8006,
    "name": "Zone 8-6",
    "heat_stress": 0.04446539116549091,
    "lst_anom": -0.6939517797135379,
    "people": 2497.8266611271697
   },
   "geometry": {
    "type": "Polygon",
    "coordinates": [
     [
      [
       76.254,
       10.018999999999998
      ],
      [
       76.263,
       10.018999999999998
      ],
      [
       76.263,
       10.028
      ],
      [
       76.254,
       10.028
      ],
      [
       76.254,
       10.018999999999998
      ]
     ]
    ]
   }
  },
  {
   "type": "Feature",
   "properties": {
    "ward_id": 8007,
    "name": "Zone 8-7",
    "heat_stress": 0.08709368199067219,
    "lst_anom": 0.17429384237141696,
    "people": 2897.6724102242624
   },
   "geometry": {
    "type": "Polygon",
    "coordinates": [
     [
      [
       76.263,
       10.018999999999998
      ],
      [
       76.272,
       10.018999999999998
      ],
      [
       76.272,
       10.028
      ],
      [
       76.263,
       10.028
      ],
      [
       76.263,
       10.018999999999998
      ]
     ]
    ]
   }
  },
  {
   "type": "Feature",
   "properties": {
    "ward_id": 8008,
    "name": "Zone 8-8",
    "heat_stress": 0.13699866341271033,
    "lst_anom": 0.9902914198216906,
    "people": 3937.7560382589936
   },
   "geometry": {
    "type": "Polygon",
    "coordinates": [
     [
      [
       76.272,
       10.018999999999998
      ],
      [
       76.281,
       10.018999999999998
      ],
      [
       76.281,
       10.028
      ],
      [
       76.272,
       10.028
      ],
      [
       76.272,
       10.018999999999998
      ]
     ]
    ]
   }
  },
  {
   "type": "Feature",
   "properties": {
    "ward_id": 8009,
    "name": "Zone 8-9",
    "heat_stress": 0.2661696507172798,
    "lst_anom": 2.5996296288415124,
    "people": 5634.865346349712
   },
   "geometry": {
    "type": "Polygon",
    "coordinates": [
     [
      [
       76.281,
       10.018999999999998
      ],
      [
       76.29,
       10.018999999999998
      ],
      [
       76.29,
       10.028
      ],
      [
       76.281,
       10.028
      ],
      [
       76.281,
       10.018999999999998
      ]
     ]
    ]
   }
  },
  {
   "type": "Feature",
   "properties": {
    "ward_id": 8010,
    "name": "Zone 8-10",
    "heat_stress": 0.6422891834873669,
    "lst_anom": 6.374668348221822,
    "people": 11737.677238299902
   },
   "geometry": {
    "type": "Polygon",
    "coordinates": [
     [
      [
       76.29,
       10.018999999999998
      ],
      [
       76.299,
       10.018999999999998
      ],
      [
       76.299,
       10.028
      ],
      [
       76.29,
       10.028
      ],
      [
       76.29,
       10.018999999999998
      ]
     ]
    ]
   }
  },
  {
   "type": "Feature",
   "properties": {
    "ward_id": 8011,
    "name": "Zone 8-11",
    "heat_stress": 0.9845489808585657,
    "lst_anom": 9.789801450655593,
    "people": 16865.216134805734
   },
   "geometry": {
    "type": "Polygon",
    "coordinates": [
     [
      [
       76.299,
       10.018999999999998
      ],
      [
       76.308,
       10.018999999999998
      ],
      [
       76.308,
       10.028
      ],
      [
       76.299,
       10.028
      ],
      [
       76.299,
       10.018999999999998
      ]
     ]
    ]
   }
  },
  {
   "type": "Feature",
   "properties": {
    "ward_id": 8012,
    "name": "Zone 8-12",
    "heat_stress": 0.8461338522035677,
    "lst_anom": 8.713982172013274,
    "people": 14410.869221626666
   },
   "geometry": {
    "type": "Polygon",
    "coordinates": [
     [
      [
       76.308,
       10.018999999999998
      ],
      [
       76.31700000000001,
       10.018999999999998
      ],
      [
       76.31700000000001,
       10.028
      ],
      [
       76.308,
       10.028
      ],
      [
       76.308,
       10.018999999999998
      ]
     ]
    ]
   }
  },
  {
   "type": "Feature",
   "properties": {
    "ward_id": 8013,
    "name": "Zone 8-13",
    "heat_stress": 0.4794540499068516,
    "lst_anom": 5.501923207317166,
    "people": 8895.950096011176
   },
   "geometry": {
    "type": "Polygon",
    "coordinates": [
     [
      [
       76.31700000000001,
       10.018999999999998
      ],
      [
       76.32600000000001,
       10.018999999999998
      ],
      [
       76.32600000000001,
       10.028
      ],
      [
       76.31700000000001,
       10.028
      ],
      [
       76.31700000000001,
       10.018999999999998
      ]
     ]
    ]
   }
  },
  {
   "type": "Feature",
   "properties": {
    "ward_id": 8014,
    "name": "Zone 8-14",
    "heat_stress": 0.4690259106968088,
    "lst_anom": 5.94381993362055,
    "people": 8489.369896409295
   },
   "geometry": {
    "type": "Polygon",
    "coordinates": [
     [
      [
       76.32600000000001,
       10.018999999999998
      ],
      [
       76.33500000000001,
       10.018999999999998
      ],
      [
       76.33500000000001,
       10.028
      ],
      [
       76.32600000000001,
       10.028
      ],
      [
       76.32600000000001,
       10.018999999999998
      ]
     ]
    ]
   }
  },
  {
   "type": "Feature",
   "properties": {
    "ward_id": 8015,
    "name": "Zone 8-15",
    "heat_stress": 0.775684625725776,
    "lst_anom": 9.028075237429636,
    "people": 13165.694629842632
   },
   "geometry": {
    "type": "Polygon",
    "coordinates": [
     [
      [
       76.33500000000001,
       10.018999999999998
      ],
      [
       76.34400000000001,
       10.018999999999998
      ],
      [
       76.34400000000001,
       10.028
      ],
      [
       76.33500000000001,
       10.028
      ],
      [
       76.33500000000001,
       10.018999999999998
      ]
     ]
    ]
   }
  },
  {
   "type": "Feature",
   "properties": {
    "ward_id": 8016,
    "name": "Zone 8-16",
    "heat_stress": 0.9979060318189285,
    "lst_anom": 11.263573351218197,
    "people": 16569.066381422886
   },
   "geometry": {
    "type": "Polygon",
    "coordinates": [
     [
      [
       76.34400000000001,
       10.018999999999998
      ],
      [
       76.35300000000001,
       10.018999999999998
      ],
      [
       76.35300000000001,
       10.028
      ],
      [
       76.34400000000001,
       10.028
      ],
      [
       76.34400000000001,
       10.018999999999998
      ]
     ]
    ]
   }
  },
  {
   "type": "Feature",
   "properties": {
    "ward_id": 8017,
    "name": "Zone 8-17",
    "heat_stress": 0.8946916308456963,
    "lst_anom": 10.44718873579483,
    "people": 14811.52762800249
   },
   "geometry": {
    "type": "Polygon",
    "coordinates": [
     [
      [
       76.35300000000001,
       10.018999999999998
      ],
      [
       76.36200000000001,
       10.018999999999998
      ],
      [
       76.36200000000001,
       10.028
      ],
      [
       76.35300000000001,
       10.028
      ],
      [
       76.35300000000001,
       10.018999999999998
      ]
     ]
    ]
   }
  },
  {
   "type": "Feature",
   "properties": {
    "ward_id": 8018,
    "name": "Zone 8-18",
    "heat_stress": 0.5300802652523724,
    "lst_anom": 7.232136549014467,
    "people": 9026.773335915688
   },
   "geometry": {
    "type": "Polygon",
    "coordinates": [
     [
      [
       76.36200000000001,
       10.018999999999998
      ],
      [
       76.37100000000001,
       10.018999999999998
      ],
      [
       76.37100000000001,
       10.028
      ],
      [
       76.36200000000001,
       10.028
      ],
      [
       76.36200000000001,
       10.018999999999998
      ]
     ]
    ]
   }
  },
  {
   "type": "Feature",
   "properties": {
    "ward_id": 8019,
    "name": "Zone 8-19",
    "heat_stress": 0.270731992686923,
    "lst_anom": 4.713467378140149,
    "people": 4400.238262890202
   },
   "geometry": {
    "type": "Polygon",
    "coordinates": [
     [
      [
       76.371,
       10.018999999999998
      ],
      [
       76.38000000000001,
       10.018999999999998
      ],
      [
       76.38000000000001,
       10.028
      ],
      [
       76.371,
       10.028
      ],
      [
       76.371,
       10.018999999999998
      ]
     ]
    ]
   }
  },
  {
   "type": "Feature",
   "properties": {
    "ward_id": 8020,
    "name": "Zone 8-20",
    "heat_stress": 0.16269426092147518,
    "lst_anom": 3.623826208492703,
    "people": 2590.758227020536
   },
   "geometry": {
    "type": "Polygon",
    "coordinates": [
     [
      [
       76.38,
       10.018999999999998
      ],
      [
       76.38900000000001,
       10.018999999999998
      ],
      [
       76.38900000000001,
       10.028
      ],
      [
       76.38,
       10.028
      ],
      [
       76.38,
       10.018999999999998
      ]
     ]
    ]
   }
  },
  {
   "type": "Feature",
   "properties": {
    "ward_id": 8021,
    "name": "Zone 8-21",
    "heat_stress": 0.13514654486815036,
    "lst_anom": 3.455557816421004,
    "people": 1863.7924627413236
   },
   "geometry": {
    "type": "Polygon",
    "coordinates": [
     [
      [
       76.389,
       10.018999999999998
      ],
      [
       76.39800000000001,
       10.018999999999998
      ],
      [
       76.39800000000001,
       10.028
      ],
      [
       76.389,
       10.028
      ],
      [
       76.389,
       10.018999999999998
      ]
     ]
    ]
   }
  },
  {
   "type": "Feature",
   "properties": {
    "ward_id": 8022,
    "name": "Zone 8-22",
    "heat_stress": 0.0887911251610612,
    "lst_anom": 3.1177513810576483,
    "people": 315.10184676091967
   },
   "geometry": {
    "type": "Polygon",
    "coordinates": [
     [
      [
       76.398,
       10.018999999999998
      ],
      [
       76.3998,
       10.018999999999998
      ],
      [
       76.3998,
       10.028
      ],
      [
       76.398,
       10.028
      ],
      [
       76.398,
       10.018999999999998
      ]
     ]
    ]
   }
  },
  {
   "type": "Feature",
   "properties": {
    "ward_id": 9000,
    "name": "Zone 9-0",
    "heat_stress": 0.0,
    "lst_anom": -3.496749552137859,
    "people": 4.480678372625267
   },
   "geometry": {
    "type": "Polygon",
    "coordinates": [
     [
      [
       76.2,
       10.01
      ],
      [
       76.209,
       10.01
      ],
      [
       76.209,
       10.019
      ],
      [
       76.2,
       10.019
      ],
      [
       76.2,
       10.01
      ]
     ]
    ]
   }
  },
  {
   "type": "Feature",
   "properties": {
    "ward_id": 9001,
    "name": "Zone 9-1",
    "heat_stress": 0.011020081150234218,
    "lst_anom": -1.607167556235445,
    "people": 446.0370555719544
   },
   "geometry": {
    "type": "Polygon",
    "coordinates": [
     [
      [
       76.209,
       10.01
      ],
      [
       76.218,
       10.01
      ],
      [
       76.218,
       10.019
      ],
      [
       76.209,
       10.019
      ],
      [
       76.209,
       10.01
      ]
     ]
    ]
   }
  },
  {
   "type": "Feature",
   "properties": {
    "ward_id": 9002,
    "name": "Zone 9-2",
    "heat_stress": 0.021139156464539652,
    "lst_anom": -1.1478514322033866,
    "people": 1571.792747722012
   },
   "geometry": {
    "type": "Polygon",
    "coordinates": [
     [
      [
       76.218,
       10.01
      ],
      [
       76.227,
       10.01
      ],
      [
       76.227,
       10.019
      ],
      [
       76.218,
       10.019
      ],
      [
       76.218,
       10.01
      ]
     ]
    ]
   }
  },
  {
   "type": "Feature",
   "properties": {
    "ward_id": 9003,
    "name": "Zone 9-3",
    "heat_stress": 0.01995027295600871,
    "lst_anom": -1.1942501805353742,
    "people": 1667.374575513643
   },
   "geometry": {
    "type": "Polygon",
    "coordinates": [
     [
      [
       76.227,
       10.01
      ],
      [
       76.236,
       10.01
      ],
      [
       76.236,
       10.019
      ],
      [
       76.227,
       10.019
      ],
      [
       76.227,
       10.01
      ]
     ]
    ]
   }
  },
  {
   "type": "Feature",
   "properties": {
    "ward_id": 9004,
    "name": "Zone 9-4",
    "heat_stress": 0.027820039305009953,
    "lst_anom": -1.0926273004251132,
    "people": 1825.4428489495097
   },
   "geometry": {
    "type": "Polygon",
    "coordinates": [
     [
      [
       76.236,
       10.01
      ],
      [
       76.245,
       10.01
      ],
      [
       76.245,
       10.019
      ],
      [
       76.236,
       10.019
      ],
      [
       76.236,
       10.01
      ]
     ]
    ]
   }
  },
  {
   "type": "Feature",
   "properties": {
    "ward_id": 9005,
    "name": "Zone 9-5",
    "heat_stress": 0.019183180134845355,
    "lst_anom": -1.468911475268864,
    "people": 367.82541651782077
   },
   "geometry": {
    "type": "Polygon",
    "coordinates": [
     [
      [
       76.245,
       10.01
      ],
      [
       76.254,
       10.01
      ],
      [
       76.254,
       10.019
      ],
      [
       76.245,
       10.019
      ],
      [
       76.245,
       10.01
      ]
     ]
    ]
   }
  },
  {
   "type": "Feature",
   "properties": {
    "ward_id": 9006,
    "name": "Zone 9-6",
    "heat_stress": 0.08372341933907612,
    "lst_anom": 0.017251541974900763,
    "people": 3344.9524736870353
   },
   "geometry": {
    "type": "Polygon",
    "coordinates": [
     [
      [
       76.254,
       10.01
      ],
      [
       76.263,
       10.01
      ],
      [
       76.263,
       10.019
      ],
      [
       76.254,
       10.019
      ],
      [
       76.254,
       10.01
      ]
     ]
    ]
   }
  },
  {
   "type": "Feature",
   "properties": {
    "ward_id": 9007,
    "name": "Zone 9-7",
    "heat_stress": 0.17718112764361843,
    "lst_anom": 1.2887807933889148,
    "people": 4941.678308290896
   },
   "geometry": {
    "type": "Polygon",
    "coordinates": [
     [
      [
       76.263,
       10.01
      ],
      [
       76.272,
       10.01
      ],
      [
       76.272,
       10.019
      ],
      [
       76.263,
       10.019
      ],
      [
       76.263,
       10.01
      ]
     ]
    ]
   }
  },
  {
   "type": "Feature",
   "properties": {
    "ward_id": 9008,
    "name": "Zone 9-8",
    "heat_stress": 0.2795029744951303,
    "lst_anom": 2.4786845771699677,
    "people": 6356.581757106973
   },
   "geometry": {
    "type": "Polygon",
    "coordinates": [
     [
      [
       76.272,
       10.01
      ],
      [
       76.281,
       10.01
      ],
      [
       76.281,
       10.019
      ],
      [
       76.272,
       10.019
      ],
      [
       76.272,
       10.01
      ]
     ]
    ]
   }
  },
  {
   "type": "Feature",
   "properties": {
    "ward_id": 9009,
    "name": "Zone 9-9",
    "heat_stress": 0.3948890643873903,
    "lst_anom": 3.916759199320431,
    "people": 7928.474478730236
   },
   "geometry": {
    "type": "Polygon",
    "coordinates": [
     [
      [
       76.281,
       10.01
      ],
      [
       76.29,
       10.01
      ],
      [
       76.29,
       10.019
      ],
      [
       76.281,
       10.019
      ],
      [
       76.281,
       10.01
      ]
     ]
    ]
   }
  },
  {
   "type": "Feature",
   "properties": {
    "ward_id": 9010,
    "name": "Zone 9-10",
    "heat_stress": 0.5935413926342404,
    "lst_anom": 6.032045263482443,
    "people": 11012.22569712298
   },
   "geometry": {
    "type": "Polygon",
    "coordinates": [
     [
      [
       76.29,
       10.01
      ],
      [
       76.299,
       10.01
      ],
      [
       76.299,
       10.019
      ],
      [
       76.29,
       10.019
      ],
      [
       76.29,
       10.01
      ]
     ]
    ]
   }
  },
  {
   "type": "Feature",
   "properties": {
    "ward_id": 9011,
    "name": "Zone 9-11",
    "heat_stress": 0.7310465787476349,
    "lst_anom": 7.605601826514637,
    "people": 13014.523157755677
   },
   "geometry": {
    "type": "Polygon",
    "coordinates": [
     [
      [
       76.299,
       10.01
      ],
      [
       76.308,
       10.01
      ],
      [
       76.308,
       10.019
      ],
      [
       76.299,
       10.019
      ],
      [
       76.299,
       10.01
      ]
     ]
    ]
   }
  },
  {
   "type": "Feature",
   "properties": {
    "ward_id": 9012,
    "name": "Zone 9-12",
    "heat_stress": 0.5834190224150061,
    "lst_anom": 6.273190606577119,
    "people": 10435.859057152678
   },
   "geometry": {
    "type": "Polygon",
    "coordinates": [
     [
      [
       76.308,
       10.01
      ],
      [
       76.31700000000001,
       10.01
      ],
      [
       76.31700000000001,
       10.019
      ],
      [
       76.308,
       10.019
      ],
      [
       76.308,
       10.01
      ]
     ]
    ]
   }
  },
  {
   "type": "Feature",
   "properties": {
    "ward_id": 9013,
    "name": "Zone 9-13",
    "heat_stress": 0.38154910854237,
    "lst_anom": 4.700412778381767,
    "people": 7283.477060930299
   },
   "geometry": {
    "type": "Polygon",
    "coordinates": [
     [
      [
       76.31700000000001,
       10.01
      ],
      [
       76.32600000000001,
       10.01
      ],
      [
       76.32600000000001,
       10.019
      ],
      [
       76.31700000000001,
       10.019
      ],
      [
       76.31700000000001,
       10.01
      ]
     ]
    ]
   }
  },
  {
   "type": "Feature",
   "properties": {
    "ward_id": 9014,
    "name": "Zone 9-14",
    "heat_stress": 0.4882987228188147,
    "lst_anom": 5.967979079153245,
    "people": 8708.051102186537
   },
   "geometry": {
    "type": "Polygon",
    "coordinates": [
     [
      [
       76.32600000000001,
       10.01
      ],
      [
       76.33500000000001,
       10.01
      ],
      [
       76.33500000000001,
       10.019
      ],
      [
       76.32600000000001,
       10.019
      ],
      [
       76.32600000000001,
       10.01
      ]
     ]
    ]
   }
  },
  {
   "type": "Feature",
   "properties": {
    "ward_id": 9015,
    "name": "Zone 9-15",
    "heat_stress": 0.9188306185274014,
    "lst_anom": 10.203639139272735,
    "people": 15309.204014196544
   },
   "geometry": {
    "type": "Polygon",
    "coordinates": [
     [
      [
       76.33500000000001,
       10.01
      ],
      [
       76.34400000000001,
       10.01
      ],
      [
       76.34400000000001,
       10.019
      ],
      [
       76.33500000000001,
       10.019
      ],
      [
       76.33500000000001,
       10.01
      ]
     ]
    ]
   }
  },
  {
   "type": "Feature",
   "properties": {
    "ward_id": 9016,
    "name": "Zone 9-16",
    "heat_stress": 1.1677661497386098,
    "lst_anom": 12.738661700017257,
    "people": 19533.258034765822
   },
   "geometry": {
    "type": "Polygon",
    "coordinates": [
     [
      [
       76.34400000000001,
       10.01
      ],
      [
       76.35300000000001,
       10.01
      ],
      [
       76.35300000000001,
       10.019
      ],
      [
       76.34400000000001,
       10.019
      ],
      [
       76.34400000000001,
       10.01
      ]
     ]
    ]
   }
  },
  {
   "type": "Feature",
   "properties": {
    "ward_id": 9017,
    "name": "Zone 9-17",
    "heat_stress": 1.0569933824269602,
    "lst_anom": 11.794567639940452,
    "people": 17569.404705493445
   },
   "geometry": {
    "type": "Polygon",
    "coordinates": [
     [
      [
       76.35300000000001,
       10.01
      ],
      [
       76.36200000000001,
       10.01
      ],
      [
       76.36200000000001,
       10.019
      ],
      [
       76.35300000000001,
       10.019
      ],
      [
       76.35300000000001,
       10.01
      ]
     ]
    ]
   }
  },
  {
   "type": "Feature",
   "properties": {
    "ward_id": 9018,
    "name": "Zone 9-18",
    "heat_stress": 0.626245169066056,
    "lst_anom": 7.9874346149027176,
    "people": 10609.423624346524
   },
   "geometry": {
    "type": "Polygon",
    "coordinates": [
     [
      [
       76.36200000000001,
       10.01
      ],
      [
       76.37100000000001,
       10.01
      ],
      [
       76.37100000000001,
       10.019
      ],
      [
       76.36200000000001,
       10.019
      ],
      [
       76.36200000000001,
       10.01
      ]
     ]
    ]
   }
  },
  {
   "type": "Feature",
   "properties": {
    "ward_id": 9019,
    "name": "Zone 9-19",
    "heat_stress": 0.2834910600232489,
    "lst_anom": 4.64630981767624,
    "people": 4780.115613335607
   },
   "geometry": {
    "type": "Polygon",
    "coordinates": [
     [
      [
       76.371,
       10.01
      ],
      [
       76.38000000000001,
       10.01
      ],
      [
       76.38000000000001,
       10.019
      ],
      [
       76.371,
       10.019
      ],
      [
       76.371,
       10.01
      ]
     ]
    ]
   }
  },
  {
   "type": "Feature",
   "properties": {
    "ward_id": 9020,
    "name": "Zone 9-20",
    "heat_stress": 0.14348850174206734,
    "lst_anom": 3.261404771844906,
    "people": 2532.479416804489
   },
   "geometry": {
    "type": "Polygon",
    "coordinates": [
     [
      [
       76.38,
       10.01
      ],
      [
       76.38900000000001,
       10.01
      ],
      [
       76.38900000000001,
       10.019
      ],
      [
       76.38,
       10.019
      ],
      [
       76.38,
       10.01
      ]
     ]
    ]
   }
  },
  {
   "type": "Feature",
   "properties": {
    "ward_id": 9021,
    "name": "Zone 9-21",
    "heat_stress": 0.11101329983313682,
    "lst_anom": 2.920596623626619,
    "people": 1813.2284185108585
   },
   "geometry": {
    "type": "Polygon",
    "coordinates": [
     [
      [
       76.389,
       10.01
      ],
      [
       76.39800000000001,
       10.01
      ],
      [
       76.39800000000001,
       10.019
      ],
      [
       76.389,
       10.019
      ],
      [
       76.389,
       10.01
      ]
     ]
    ]
   }
  },
  {
   "type": "Feature",
   "properties": {
    "ward_id": 9022,
    "name": "Zone 9-22",
    "heat_stress": 0.13454059243416233,
    "lst_anom": 3.3008405407077674,
    "people": 333.66692127565403
   },
   "geometry": {
    "type": "Polygon",
    "coordinates": [
     [
      [
       76.398,
       10.01
      ],
      [
       76.3998,
       10.01
      ],
      [
       76.3998,
       10.019
      ],
      [
       76.398,
       10.019
      ],
      [
       76.398,
       10.01
      ]
     ]
    ]
   }
  },
  {
   "type": "Feature",
   "properties": {
    "ward_id": 10000,
    "name": "Zone 10-0",
    "heat_stress": 0.0,
    "lst_anom": -3.4864232557173036,
    "people": 5.314630900163358
   },
   "geometry": {
    "type": "Polygon",
    "coordinates": [
     [
      [
       76.2,
       10.001
      ],
      [
       76.209,
       10.001
      ],
      [
       76.209,
       10.01
      ],
      [
       76.2,
       10.01
      ],
      [
       76.2,
       10.001
      ]
     ]
    ]
   }
  },
  {
   "type": "Feature",
   "properties": {
    "ward_id": 10001,
    "name": "Zone 10-1",
    "heat_stress": 0.008755612647578718,
    "lst_anom": -1.6379179778220907,
    "people": 441.5895271571531
   },
   "geometry": {
    "type": "Polygon",
    "coordinates": [
     [
      [
       76.209,
       10.001
      ],
      [
       76.218,
       10.001
      ],
      [
       76.218,
       10.01
      ],
      [
       76.209,
       10.01
      ],
      [
       76.209,
       10.001
      ]
     ]
    ]
   }
  },
  {
   "type": "Feature",
   "properties": {
    "ward_id": 10002,
    "name": "Zone 10-2",
    "heat_stress": 0.03489281493419488,
    "lst_anom": -0.7789120501396597,
    "people": 1746.1260589412143
   },
   "geometry": {
    "type": "Polygon",
    "coordinates": [
     [
      [
       76.218,
       10.001
      ],
      [
       76.227,
       10.001
      ],
      [
       76.227,
       10.01
      ],
      [
       76.218,
       10.01
      ],
      [
       76.218,
       10.001
      ]
     ]
    ]
   }
  },
  {
   "type": "Feature",
   "properties": {
    "ward_id": 10003,
    "name": "Zone 10-3",
    "heat_stress": 0.03703302512961331,
    "lst_anom": -0.6061559021623059,
    "people": 1858.2726207226751
   },
   "geometry": {
    "type": "Polygon",
    "coordinates": [
     [
      [
       76.227,
       10.001
      ],
      [
       76.236,
       10.001
      ],
      [
       76.236,
       10.01
      ],
      [
       76.227,
       10.01
      ],
      [
       76.227,
       10.001
      ]
     ]
    ]
   }
  },
  {
   "type": "Feature",
   "properties": {
    "ward_id": 10004,
    "name": "Zone 10-4",
    "heat_stress": 0.03449391560543766,
    "lst_anom": -0.9077967502242633,
    "people": 2057.6836540385534
   },
   "geometry": {
    "type": "Polygon",
    "coordinates": [
     [
      [
       76.236,
       10.001
      ],
      [
       76.245,
       10.001
      ],
      [
       76.245,
       10.01
      ],
      [
       76.236,
       10.01
      ],
      [
       76.236,
       10.001
      ]
     ]
    ]
   }
  },
  {
   "type": "Feature",
   "properties": {
    "ward_id": 10005,
    "name": "Zone 10-5",
    "heat_stress": 0.02008365609279109,
    "lst_anom": -1.2049736950946304,
    "people": 199.74559039620712
   },
   "geometry": {
    "type": "Polygon",
    "coordinates": [
     [
      [
       76.245,
       10.001
      ],
      [
       76.254,
       10.001
      ],
      [
       76.254,
       10.01
      ],
      [
       76.245,
       10.01
      ],
      [
       76.245,
       10.001
      ]
     ]
    ]
   }
  },
  {
   "type": "Feature",
   "properties": {
    "ward_id": 10006,
    "name": "Zone 10-6",
    "heat_stress": 0.20333306845599353,
    "lst_anom": 1.3627608057042233,
    "people": 5636.7426751069415
   },
   "geometry": {
    "type": "Polygon",
    "coordinates": [
     [
      [
       76.254,
       10.001
      ],
      [
       76.263,
       10.001
      ],
      [
       76.263,
       10.01
      ],
      [
       76.254,
       10.01
      ],
      [
       76.254,
       10.001
      ]
     ]
    ]
   }
  },
  {
   "type": "Feature",
   "properties": {
    "ward_id": 10007,
    "name": "Zone 10-7",
    "heat_stress": 0.4085067998827616,
    "lst_anom": 3.399898508117365,
    "people": 8591.047541343125
   },
   "geometry": {
    "type": "Polygon",
    "coordinates": [
     [
      [
       76.263,
       10.001
      ],
      [
       76.272,
       10.001
      ],
      [
       76.272,
       10.01
      ],
      [
       76.263,
       10.01
      ],
      [
       76.263,
       10.001
      ]
     ]
    ]
   }
  },
  {
   "type": "Feature",
   "properties": {
    "ward_id": 10008,
    "name": "Zone 10-8",
    "heat_stress": 0.5995995790770343,
    "lst_anom": 5.357345529167054,
    "people": 11247.070126543977
   },
   "geometry": {
    "type": "Polygon",
    "coordinates": [
     [
      [
       76.272,
       10.001
      ],
      [
       76.281,
       10.001
      ],
      [
       76.281,
       10.01
      ],
      [
       76.272,
       10.01
      ],
      [
       76.272,
       10.001
      ]
     ]
    ]
   }
  },
  {
   "type": "Feature",
   "properties": {
    "ward_id": 10009,
    "name": "Zone 10-9",
    "heat_stress": 0.6768047540685032,
    "lst_anom": 6.262446664366438,
    "people": 12507.612073064844
   },
   "geometry": {
    "type": "Polygon",
    "coordinates": [
     [
      [
       76.281,
       10.001
      ],
      [
       76.29,
       10.001
      ],
      [
       76.29,
       10.01
      ],
      [
       76.281,
       10.01
      ],
      [
       76.281,
       10.001
      ]
     ]
    ]
   }
  },
  {
   "type": "Feature",
   "properties": {
    "ward_id": 10010,
    "name": "Zone 10-10",
    "heat_stress": 0.6597605498639659,
    "lst_anom": 6.570690903493521,
    "people": 12077.794105679468
   },
   "geometry": {
    "type": "Polygon",
    "coordinates": [
     [
      [
       76.29,
       10.001
      ],
      [
       76.299,
       10.001
      ],
      [
       76.299,
       10.01
      ],
      [
       76.29,
       10.01
      ],
      [
       76.29,
       10.001
      ]
     ]
    ]
   }
  },
  {
   "type": "Feature",
   "properties": {
    "ward_id": 10011,
    "name": "Zone 10-11",
    "heat_stress": 0.5423462392947626,
    "lst_anom": 5.690387768314235,
    "people": 10110.206217961251
   },
   "geometry": {
    "type": "Polygon",
    "coordinates": [
     [
      [
       76.299,
       10.001
      ],
      [
       76.308,
       10.001
      ],
      [
       76.308,
       10.01
      ],
      [
       76.299,
       10.01
      ],
      [
       76.299,
       10.001
      ]
     ]
    ]
   }
  },
  {
   "type": "Feature",
   "properties": {
    "ward_id": 10012,
    "name": "Zone 10-12",
    "heat_stress": 0.39643879143448674,
    "lst_anom": 4.385169667083417,
    "people": 7552.551213793391
   },
   "geometry": {
    "type": "Polygon",
    "coordinates": [
     [
      [
       76.308,
       10.001
      ],
      [
       76.31700000000001,
       10.001
      ],
      [
       76.31700000000001,
       10.01
      ],
      [
       76.308,
       10.01
      ],
      [
       76.308,
       10.001
      ]
     ]
    ]
   }
  },
  {
   "type": "Feature",
   "properties": {
    "ward_id": 10013,
    "name": "Zone 10-13",
    "heat_stress": 0.2873478237067958,
    "lst_anom": 3.597292836989465,
    "people": 5633.799398572781
   },
   "geometry": {
    "type": "Polygon",
    "coordinates": [
     [
      [
       76.31700000000001,
       10.001
      ],
      [
       76.32600000000001,
       10.001
      ],
      [
       76.32600000000001,
       10.01
      ],
      [
       76.31700000000001,
       10.01
      ],
      [
       76.31700000000001,
       10.001
      ]
     ]
    ]
   }
  },
  {
   "type": "Feature",
   "properties": {
    "ward_id": 10014,
    "name": "Zone 10-14",
    "heat_stress": 0.43294645884955973,
    "lst_anom": 5.225299246293819,
    "people": 7909.398315695061
   },
   "geometry": {
    "type": "Polygon",
    "coordinates": [
     [
      [
       76.32600000000001,
       10.001
      ],
      [
       76.33500000000001,
       10.001
      ],
      [
       76.33500000000001,
       10.01
      ],
      [
       76.32600000000001,
       10.01
      ],
      [
       76.32600000000001,
       10.001
      ]
     ]
    ]
   }
  },
  {
   "type": "Feature",
   "properties": {
    "ward_id": 10015,
    "name": "Zone 10-15",
    "heat_stress": 0.7465801455639164,
    "lst_anom": 8.367499494762455,
    "people": 12748.18040357679
   },
   "geometry": {
    "type": "Polygon",
    "coordinates": [
     [
      [
       76.33500000000001,
       10.001
      ],
      [
       76.34400000000001,
       10.001
      ],
      [
       76.34400000000001,
       10.01
      ],
      [
       76.33500000000001,
       10.01
      ],
      [
       76.33500000000001,
       10.001
      ]
     ]
    ]
   }
  },
  {
   "type": "Feature",
   "properties": {
    "ward_id": 10016,
    "name": "Zone 10-16",
    "heat_stress": 0.9583815343065053,
    "lst_anom": 10.421550942937225,
    "people": 16127.850488186541
   },
   "geometry": {
    "type": "Polygon",
    "coordinates": [
     [
      [
       76.34400000000001,
       10.001
      ],
      [
       76.35300000000001,
       10.001
      ],
      [
       76.35300000000001,
       10.01
      ],
      [
       76.34400000000001,
       10.01
      ],
      [
       76.34400000000001,
       10.001
      ]
     ]
    ]
   }
  },
  {
   "type": "Feature",
   "properties": {
    "ward_id": 10017,
    "name": "Zone 10-17",
    "heat_stress": 0.811372924056522,
    "lst_anom": 9.283394254270299,
    "people": 13725.492606990518
   },
   "geometry": {
    "type": "Polygon",
    "coordinates": [
     [
      [
       76.35300000000001,
       10.001
      ],
      [
       76.36200000000001,
       10.001
      ],
      [
       76.36200000000001,
       10.01
      ],
      [
       76.35300000000001,
       10.01
      ],
      [
       76.35300000000001,
       10.001
      ]
     ]
    ]
   }
  },
  {
   "type": "Feature",
   "properties": {
    "ward_id": 10018,
    "name": "Zone 10-18",
    "heat_stress": 0.5250886264658774,
    "lst_anom": 6.6939956013513875,
    "people": 8792.591870240409
   },
   "geometry": {
    "type": "Polygon",
    "coordinates": [
     [
      [
       76.36200000000001,
       10.001
      ],
      [
       76.37100000000001,
       10.001
      ],
      [
       76.37100000000001,
       10.01
      ],
      [
       76.36200000000001,
       10.01
      ],
      [
       76.36200000000001,
       10.001
      ]
     ]
    ]
   }
  },
  {
   "type": "Feature",
   "properties": {
    "ward_id": 10019,
    "name": "Zone 10-19",
    "heat_stress": 0.24948999375545203,
    "lst_anom": 4.099813182469169,
    "people": 4348.8473669585865
   },
   "geometry": {
    "type": "Polygon",
    "coordinates": [
     [
      [
       76.371,
       10.001
      ],
      [
       76.38000000000001,
       10.001
      ],
      [
       76.38000000000001,
       10.01
      ],
      [
       76.371,
       10.01
      ],
      [
       76.371,
       10.001
      ]
     ]
    ]
   }
  },
  {
   "type": "Feature",
   "properties": {
    "ward_id": 10020,
    "name": "Zone 10-20",
    "heat_stress": 0.132652768003962,
    "lst_anom": 2.9446798864364667,
    "people": 2147.3028201378675
   },
   "geometry": {
    "type": "Polygon",
    "coordinates": [
     [
      [
       76.38,
       10.001
      ],
      [
       76.38900000000001,
       10.001
      ],
      [
       76.38900000000001,
       10.01
      ],
      [
       76.38,
       10.01
      ],
      [
       76.38,
       10.001
      ]
     ]
    ]
   }
  },
  {
   "type": "Feature",
   "properties": {
    "ward_id": 10021,
    "name": "Zone 10-21",
    "heat_stress": 0.11515076969448072,
    "lst_anom": 2.90739217932142,
    "people": 1737.7468366465105
   },
   "geometry": {
    "type": "Polygon",
    "coordinates": [
     [
      [
       76.389,
       10.001
      ],
      [
       76.39800000000001,
       10.001
      ],
      [
       76.39800000000001,
       10.01
      ],
      [
       76.389,
       10.01
      ],
      [
       76.389,
       10.001
      ]
     ]
    ]
   }
  },
  {
   "type": "Feature",
   "properties": {
    "ward_id": 10022,
    "name": "Zone 10-22",
    "heat_stress": 0.07817399948388716,
    "lst_anom": 2.541601109572575,
    "people": 280.93392426949487
   },
   "geometry": {
    "type": "Polygon",
    "coordinates": [
     [
      [
       76.398,
       10.001
      ],
      [
       76.3998,
       10.001
      ],
      [
       76.3998,
       10.01
      ],
      [
       76.398,
       10.01
      ],
      [
       76.398,
       10.001
      ]
     ]
    ]
   }
  },
  {
   "type": "Feature",
   "properties": {
    "ward_id": 11000,
    "name": "Zone 11-0",
    "heat_stress": 0.0,
    "lst_anom": -3.6269049574696597,
    "people": 3.925769141658487
   },
   "geometry": {
    "type": "Polygon",
    "coordinates": [
     [
      [
       76.2,
       9.991999999999999
      ],
      [
       76.209,
       9.991999999999999
      ],
      [
       76.209,
       10.001000000000001
      ],
      [
       76.2,
       10.001000000000001
      ],
      [
       76.2,
       9.991999999999999
      ]
     ]
    ]
   }
  },
  {
   "type": "Feature",
   "properties": {
    "ward_id": 11001,
    "name": "Zone 11-1",
    "heat_stress": 0.011173304988507693,
    "lst_anom": -1.5672533931639903,
    "people": 460.67889076702465
   },
   "geometry": {
    "type": "Polygon",
    "coordinates": [
     [
      [
       76.209,
       9.991999999999999
      ],
      [
       76.218,
       9.991999999999999
      ],
      [
       76.218,
       10.001000000000001
      ],
      [
       76.209,
       10.001000000000001
      ],
      [
       76.209,
       9.991999999999999
      ]
     ]
    ]
   }
  },
  {
   "type": "Feature",
   "properties": {
    "ward_id": 11002,
    "name": "Zone 11-2",
    "heat_stress": 0.033742646126173406,
    "lst_anom": -0.8171820620851069,
    "people": 1802.1558075972534
   },
   "geometry": {
    "type": "Polygon",
    "coordinates": [
     [
      [
       76.218,
       9.991999999999999
      ],
      [
       76.227,
       9.991999999999999
      ],
      [
       76.227,
       10.001000000000001
      ],
      [
       76.218,
       10.001000000000001
      ],
      [
       76.218,
       9.991999999999999
      ]
     ]
    ]
   }
  },
  {
   "type": "Feature",
   "properties": {
    "ward_id": 11003,
    "name": "Zone 11-3",
    "heat_stress": 0.039128056994019306,
    "lst_anom": -0.6038913289388864,
    "people": 2012.149066429958
   },
   "geometry": {
    "type": "Polygon",
    "coordinates": [
     [
      [
       76.227,
       9.991999999999999
      ],
      [
       76.236,
       9.991999999999999
      ],
      [
       76.236,
       10.001000000000001
      ],
      [
       76.227,
       10.001000000000001
      ],
      [
       76.227,
       9.991999999999999
      ]
     ]
    ]
   }
  },
  {
   "type": "Feature",
   "properties": {
    "ward_id": 11004,
    "name": "Zone 11-4",
    "heat_stress": 0.04783043578411657,
    "lst_anom": -0.6668591211323052,
    "people": 2491.885772649249
   },
   "geometry": {
    "type": "Polygon",
    "coordinates": [
     [
      [
       76.236,
       9.991999999999999
      ],
      [
       76.245,
       9.991999999999999
      ],
      [
       76.245,
       10.001000000000001
      ],
      [
       76.236,
       10.001000000000001
      ],
      [
       76.236,
       9.991999999999999
      ]
     ]
    ]
   }
  },
  {
   "type": "Feature",
   "properties": {
    "ward_id": 11005,
    "name": "Zone 11-5",
    "heat_stress": 0.0,
    "lst_anom": -2.419939752284768,
    "people": 19.164993931534674
   },
   "geometry": {
    "type": "Polygon",
    "coordinates": [
     [
      [
       76.245,
       9.991999999999999
      ],
      [
       76.254,
       9.991999999999999
      ],
      [
       76.254,
       10.001000000000001
      ],
      [
       76.245,
       10.001000000000001
      ],
      [
       76.245,
       9.991999999999999
      ]
     ]
    ]
   }
  },
  {
   "type": "Feature",
   "properties": {
    "ward_id": 11006,
    "name": "Zone 11-6",
    "heat_stress": 0.367423681681379,
    "lst_anom": 2.741657799708925,
    "people": 6638.517809856053
   },
   "geometry": {
    "type": "Polygon",
    "coordinates": [
     [
      [
       76.254,
       9.991999999999999
      ],
      [
       76.263,
       9.991999999999999
      ],
      [
       76.263,
       10.001000000000001
      ],
      [
       76.254,
       10.001000000000001
      ],
      [
       76.254,
       9.991999999999999
      ]
     ]
    ]
   }
  },
  {
   "type": "Feature",
   "properties": {
    "ward_id": 11007,
    "name": "Zone 11-7",
    "heat_stress": 0.6751219997250537,
    "lst_anom": 5.820673742021898,
    "people": 12552.904607279623
   },
   "geometry": {
    "type": "Polygon",
    "coordinates": [
     [
      [
       76.263,
       9.991999999999999
      ],
      [
       76.272,
       9.991999999999999
      ],
      [
       76.272,
       10.001000000000001
      ],
      [
       76.263,
       10.001000000000001
      ],
      [
       76.263,
       9.991999999999999
      ]
     ]
    ]
   }
  },
  {
   "type": "Feature",
   "properties": {
    "ward_id": 11008,
    "name": "Zone 11-8",
    "heat_stress": 0.9291872023492106,
    "lst_anom": 8.309181211057004,
    "people": 16272.10434911205
   },
   "geometry": {
    "type": "Polygon",
    "coordinates": [
     [
      [
       76.272,
       9.991999999999999
      ],
      [
       76.281,
       9.991999999999999
      ],
      [
       76.281,
       10.001000000000001
      ],
      [
       76.272,
       10.001000000000001
      ],
      [
       76.272,
       9.991999999999999
      ]
     ]
    ]
   }
  },
  {
   "type": "Feature",
   "properties": {
    "ward_id": 11009,
    "name": "Zone 11-9",
    "heat_stress": 1.0678327005427386,
    "lst_anom": 9.764664870667273,
    "people": 18373.119980696934
   },
   "geometry": {
    "type": "Polygon",
    "coordinates": [
     [
      [
       76.281,
       9.991999999999999
      ],
      [
       76.29,
       9.991999999999999
      ],
      [
       76.29,
       10.001000000000001
      ],
      [
       76.281,
       10.001000000000001
      ],
      [
       76.281,
       9.991999999999999
      ]
     ]
    ]
   }
  },
  {
   "type": "Feature",
   "properties": {
    "ward_id": 11010,
    "name": "Zone 11-10",
    "heat_stress": 0.9622084389129287,
    "lst_anom": 9.157202263136641,
    "people": 16478.938464699415
   },
   "geometry": {
    "type": "Polygon",
    "coordinates": [
     [
      [
       76.29,
       9.991999999999999
      ],
      [
       76.299,
       9.991999999999999
      ],
      [
       76.299,
       10.001000000000001
      ],
      [
       76.29,
       10.001000000000001
      ],
      [
       76.29,
       9.991999999999999
      ]
     ]
    ]
   }
  },
  {
   "type": "Feature",
   "properties": {
    "ward_id": 11011,
    "name": "Zone 11-11",
    "heat_stress": 0.7157519209437548,
    "lst_anom": 7.046192694162375,
    "people": 12785.532668919112
   },
   "geometry": {
    "type": "Polygon",
    "coordinates": [
     [
      [
       76.299,
       9.991999999999999
      ],
      [
       76.308,
       9.991999999999999
      ],
      [
       76.308,
       10.001000000000001
      ],
      [
       76.299,
       10.001000000000001
      ],
      [
       76.299,
       9.991999999999999
      ]
     ]
    ]
   }
  },
  {
   "type": "Feature",
   "properties": {
    "ward_id": 11012,
    "name": "Zone 11-12",
    "heat_stress": 0.4391655128441329,
    "lst_anom": 4.79326501576183,
    "people": 8400.03795443395
   },
   "geometry": {
    "type": "Polygon",
    "coordinates": [
     [
      [
       76.308,
       9.991999999999999
      ],
      [
       76.31700000000001,
       9.991999999999999
      ],
      [
       76.31700000000001,
       10.001000000000001
      ],
      [
       76.308,
       10.001000000000001
      ],
      [
       76.308,
       9.991999999999999
      ]
     ]
    ]
   }
  },
  {
   "type": "Feature",
   "properties": {
    "ward_id": 11013,
    "name": "Zone 11-13",
    "heat_stress": 0.29670647897859365,
    "lst_anom": 3.401780032415307,
    "people": 5791.09046886049
   },
   "geometry": {
    "type": "Polygon",
    "coordinates": [
     [
      [
       76.31700000000001,
       9.991999999999999
      ],
      [
       76.32600000000001,
       9.991999999999999
      ],
      [
       76.32600000000001,
       10.001000000000001
      ],
      [
       76.31700000000001,
       10.001000000000001
      ],
      [
       76.31700000000001,
       9.991999999999999
      ]
     ]
    ]
   }
  },
  {
   "type": "Feature",
   "properties": {
    "ward_id": 11014,
    "name": "Zone 11-14",
    "heat_stress": 0.28277878334868123,
    "lst_anom": 3.497766246820829,
    "people": 5603.592001780483
   },
   "geometry": {
    "type": "Polygon",
    "coordinates": [
     [
      [
       76.32600000000001,
       9.991999999999999
      ],
      [
       76.33500000000001,
       9.991999999999999
      ],
      [
       76.33500000000001,
       10.001000000000001
      ],
      [
       76.32600000000001,
       10.001000000000001
      ],
      [
       76.32600000000001,
       9.991999999999999
      ]
     ]
    ]
   }
  },
  {
   "type": "Feature",
   "properties": {
    "ward_id": 11015,
    "name": "Zone 11-15",
    "heat_stress": 0.4114795720883999,
    "lst_anom": 4.971731832314864,
    "people": 7459.180732645708
   },
   "geometry": {
    "type": "Polygon",
    "coordinates": [
     [
      [
       76.33500000000001,
       9.991999999999999
      ],
      [
       76.34400000000001,
       9.991999999999999
      ],
      [
       76.34400000000001,
       10.001000000000001
      ],
      [
       76.33500000000001,
       10.001000000000001
      ],
      [
       76.33500000000001,
       9.991999999999999
      ]
     ]
    ]
   }
  },
  {
   "type": "Feature",
   "properties": {
    "ward_id": 11016,
    "name": "Zone 11-16",
    "heat_stress": 0.5186953653992412,
    "lst_anom": 6.102483306971363,
    "people": 9088.926248667318
   },
   "geometry": {
    "type": "Polygon",
    "coordinates": [
     [
      [
       76.34400000000001,
       9.991999999999999
      ],
      [
       76.35300000000001,
       9.991999999999999
      ],
      [
       76.35300000000001,
       10.001000000000001
      ],
      [
       76.34400000000001,
       10.001000000000001
      ],
      [
       76.34400000000001,
       9.991999999999999
      ]
     ]
    ]
   }
  },
  {
   "type": "Feature",
   "properties": {
    "ward_id": 11017,
    "name": "Zone 11-17",
    "heat_stress": 0.46200937930168834,
    "lst_anom": 5.591269612682428,
    "people": 8109.862817693924
   },
   "geometry": {
    "type": "Polygon",
    "coordinates": [
     [
      [
       76.35300000000001,
       9.991999999999999
      ],
      [
       76.36200000000001,
       9.991999999999999
      ],
      [
       76.36200000000001,
       10.001000000000001
      ],
      [
       76.35300000000001,
       10.001000000000001
      ],
      [
       76.35300000000001,
       9.991999999999999
      ]
     ]
    ]
   }
  },
  {
   "type": "Feature",
   "properties": {
    "ward_id": 11018,
    "name": "Zone 11-18",
    "heat_stress": 0.2890616094995752,
    "lst_anom": 4.065102934420324,
    "people": 5345.507910916029
   },
   "geometry": {
    "type": "Polygon",
    "coordinates": [
     [
      [
       76.36200000000001,
       9.991999999999999
      ],
      [
       76.37100000000001,
       9.991999999999999
      ],
      [
       76.37100000000001,
       10.001000000000001
      ],
      [
       76.36200000000001,
       10.001000000000001
      ],
      [
       76.36200000000001,
       9.991999999999999
      ]
     ]
    ]
   }
  },
  {
   "type": "Feature",
   "properties": {
    "ward_id": 11019,
    "name": "Zone 11-19",
    "heat_stress": 0.16312705258218962,
    "lst_anom": 2.870742635108126,
    "people": 2669.6896130257337
   },
   "geometry": {
    "type": "Polygon",
    "coordinates": [
     [
      [
       76.371,
       9.991999999999999
      ],
      [
       76.38000000000001,
       9.991999999999999
      ],
      [
       76.38000000000001,
       10.001000000000001
      ],
      [
       76.371,
       10.001000000000001
      ],
      [
       76.371,
       9.991999999999999
      ]
     ]
    ]
   }
  },
  {
   "type": "Feature",
   "properties": {
    "ward_id": 11020,
    "name": "Zone 11-20",
    "heat_stress": 0.11297304120072887,
    "lst_anom": 2.3809320721826785,
    "people": 2085.490145528137
   },
   "geometry": {
    "type": "Polygon",
    "coordinates": [
     [
      [
       76.38,
       9.991999999999999
      ],
      [
       76.38900000000001,
       9.991999999999999
      ],
      [
       76.38900000000001,
       10.001000000000001
      ],
      [
       76.38,
       10.001000000000001
      ],
      [
       76.38,
       9.991999999999999
      ]
     ]
    ]
   }
  },
  {
   "type": "Feature",
   "properties": {
    "ward_id": 11021,
    "name": "Zone 11-21",
    "heat_stress": 0.1057161484488955,
    "lst_anom": 2.5249205588430677,
    "people": 1681.8034210691767
   },
   "geometry": {
    "type": "Polygon",
    "coordinates": [
     [
      [
       76.389,
       9.991999999999999
      ],
      [
       76.39800000000001,
       9.991999999999999
      ],
      [
       76.39800000000001,
       10.001000000000001
      ],
      [
       76.389,
       10.001000000000001
      ],
      [
       76.389,
       9.991999999999999
      ]
     ]
    ]
   }
  },
  {
   "type": "Feature",
   "properties": {
    "ward_id": 11022,
    "name": "Zone 11-22",
    "heat_stress": 0.08787650107861877,
    "lst_anom": 2.4204342852436747,
    "people": 322.8208235513898
   },
   "geometry": {
    "type": "Polygon",
    "coordinates": [
     [
      [
       76.398,
       9.991999999999999
      ],
      [
       76.3998,
       9.991999999999999
      ],
      [
       76.3998,
       10.001000000000001
      ],
      [
       76.398,
       10.001000000000001
      ],
      [
       76.398,
       9.991999999999999
      ]
     ]
    ]
   }
  },
  {
   "type": "Feature",
   "properties": {
    "ward_id": 12000,
    "name": "Zone 12-0",
    "heat_stress": 0.0,
    "lst_anom": -3.449356584420153,
    "people": 4.097129625719853
   },
   "geometry": {
    "type": "Polygon",
    "coordinates": [
     [
      [
       76.2,
       9.982999999999999
      ],
      [
       76.209,
       9.982999999999999
      ],
      [
       76.209,
       9.992
      ],
      [
       76.2,
       9.992
      ],
      [
       76.2,
       9.982999999999999
      ]
     ]
    ]
   }
  },
  {
   "type": "Feature",
   "properties": {
    "ward_id": 12001,
    "name": "Zone 12-1",
    "heat_stress": 0.0073717015378326365,
    "lst_anom": -1.8493859664132555,
    "people": 431.4695985841143
   },
   "geometry": {
    "type": "Polygon",
    "coordinates": [
     [
      [
       76.209,
       9.982999999999999
      ],
      [
       76.218,
       9.982999999999999
      ],
      [
       76.218,
       9.992
      ],
      [
       76.209,
       9.992
      ],
      [
       76.209,
       9.982999999999999
      ]
     ]
    ]
   }
  },
  {
   "type": "Feature",
   "properties": {
    "ward_id": 12002,
    "name": "Zone 12-2",
    "heat_stress": 0.03544328892752104,
    "lst_anom": -0.8449650129413726,
    "people": 1865.927879209522
   },
   "geometry": {
    "type": "Polygon",
    "coordinates": [
     [
      [
       76.218,
       9.982999999999999
      ],
      [
       76.227,
       9.982999999999999
      ],
      [
       76.227,
       9.992
      ],
      [
       76.218,
       9.992
      ],
      [
       76.218,
       9.982999999999999
      ]
     ]
    ]
   }
  },
  {
   "type": "Feature",
   "properties": {
    "ward_id": 12003,
    "name": "Zone 12-3",
    "heat_stress": 0.06410987547107512,
    "lst_anom": -0.21407637299183518,
    "people": 2265.2782481347344
   },
   "geometry": {
    "type": "Polygon",
    "coordinates": [
     [
      [
       76.227,
       9.982999999999999
      ],
      [
       76.236,
       9.982999999999999
      ],
      [
       76.236,
       9.992
      ],
      [
       76.227,
       9.992
      ],
      [
       76.227,
       9.982999999999999
      ]
     ]
    ]
   }
  },
  {
   "type": "Feature",
   "properties": {
    "ward_id": 12004,
    "name": "Zone 12-4",
    "heat_stress": 0.07525495272651624,
    "lst_anom": -0.10374841972856724,
    "people": 3062.9698110641716
   },
   "geometry": {
    "type": "Polygon",
    "coordinates": [
     [
      [
       76.236,
       9.982999999999999
      ],
      [
       76.245,
       9.982999999999999
      ],
      [
       76.245,
       9.992
      ],
      [
       76.236,
       9.992
      ],
      [
       76.236,
       9.982999999999999
      ]
     ]
    ]
   }
  },
  {
   "type": "Feature",
   "properties": {
    "ward_id": 12005,
    "name": "Zone 12-5",
    "heat_stress": 0.0,
    "lst_anom": -2.6424402789999415,
    "people": 20.909358958794165
   },
   "geometry": {
    "type": "Polygon",
    "coordinates": [
     [
      [
       76.245,
       9.982999999999999
      ],
      [
       76.254,
       9.982999999999999
      ],
      [
       76.254,
       9.992
      ],
      [
       76.245,
       9.992
      ],
      [
       76.245,
       9.982999999999999
      ]
     ]
    ]
   }
  },
  {
   "type": "Feature",
   "properties": {
    "ward_id": 12006,
    "name": "Zone 12-6",
    "heat_stress": 0.5272372795727507,
    "lst_anom": 4.186018115063085,
    "people": 4889.964236166537
   },
   "geometry": {
    "type": "Polygon",
    "coordinates": [
     [
      [
       76.254,
       9.982999999999999
      ],
      [
       76.263,
       9.982999999999999
      ],
      [
       76.263,
       9.992
      ],
      [
       76.254,
       9.992
      ],
      [
       76.254,
       9.982999999999999
      ]
     ]
    ]
   }
  },
  {
   "type": "Feature",
   "properties": {
    "ward_id": 12007,
    "name": "Zone 12-7",
    "heat_stress": 0.9102689621543939,
    "lst_anom": 7.688264996427696,
    "people": 16204.863802731066
   },
   "geometry": {
    "type": "Polygon",
    "coordinates": [
     [
      [
       76.263,
       9.982999999999999
      ],
      [
       76.272,
       9.982999999999999
      ],
      [
       76.272,
       9.992
      ],
      [
       76.263,
       9.992
      ],
      [
       76.263,
       9.982999999999999
      ]
     ]
    ]
   }
  },
  {
   "type": "Feature",
   "properties": {
    "ward_id": 12008,
    "name": "Zone 12-8",
    "heat_stress": 1.201487111643816,
    "lst_anom": 10.642441387730587,
    "people": 21297.885275882392
   },
   "geometry": {
    "type": "Polygon",
    "coordinates": [
     [
      [
       76.272,
       9.982999999999999
      ],
      [
       76.281,
       9.982999999999999
      ],
      [
       76.281,
       9.992
      ],
      [
       76.272,
       9.992
      ],
      [
       76.272,
       9.982999999999999
      ]
     ]
    ]
   }
  },
  {
   "type": "Feature",
   "properties": {
    "ward_id": 12009,
    "name": "Zone 12-9",
    "heat_stress": 1.2595925370136336,
    "lst_anom": 12.356740095444914,
    "people": 23026.378903306264
   },
   "geometry": {
    "type": "Polygon",
    "coordinates": [
     [
      [
       76.281,
       9.982999999999999
      ],
      [
       76.29,
       9.982999999999999
      ],
      [
       76.29,
       9.992
      ],
      [
       76.281,
       9.992
      ],
      [
       76.281,
       9.982999999999999
      ]
     ]
    ]
   }
  },
  {
   "type": "Feature",
   "properties": {
    "ward_id": 12010,
    "name": "Zone 12-10",
    "heat_stress": 1.2052782816930119,
    "lst_anom": 11.501193520399408,
    "people": 21081.540532654002
   },
   "geometry": {
    "type": "Polygon",
    "coordinates": [
     [
      [
       76.29,
       9.982999999999999
      ],
      [
       76.299,
       9.982999999999999
      ],
      [
       76.299,
       9.992
      ],
      [
       76.29,
       9.992
      ],
      [
       76.29,
       9.982999999999999
      ]
     ]
    ]
   }
  },
  {
   "type": "Feature",
   "properties": {
    "ward_id": 12011,
    "name": "Zone 12-11",
    "heat_stress": 0.9069132674074101,
    "lst_anom": 8.535170794277835,
    "people": 15770.047468840019
   },
   "geometry": {
    "type": "Polygon",
    "coordinates": [
     [
      [
       76.299,
       9.982999999999999
      ],
      [
       76.308,
       9.982999999999999
      ],
      [
       76.308,
       9.992
      ],
      [
       76.299,
       9.992
      ],
      [
       76.299,
       9.982999999999999
      ]
     ]
    ]
   }
  },
  {
   "type": "Feature",
   "properties": {
    "ward_id": 12012,
    "name": "Zone 12-12",
    "heat_stress": 0.5452042033391529,
    "lst_anom": 5.522983855845992,
    "people": 10106.002332471662
   },
   "geometry": {
    "type": "Polygon",
    "coordinates": [
     [
      [
       76.308,
       9.982999999999999
      ],
      [
       76.31700000000001,
       9.982999999999999
      ],
      [
       76.31700000000001,
       9.992
      ],
      [
       76.308,
       9.992
      ],
      [
       76.308,
       9.982999999999999
      ]
     ]
    ]
   }
  },
  {
   "type": "Feature",
   "properties": {
    "ward_id": 12013,
    "name": "Zone 12-13",
    "heat_stress": 0.2968836570930167,
    "lst_anom": 3.2509524388918565,
    "people": 6139.586460546387
   },
   "geometry": {
    "type": "Polygon",
    "coordinates": [
     [
      [
       76.31700000000001,
       9.982999999999999
      ],
      [
       76.32600000000001,
       9.982999999999999
      ],
      [
       76.32600000000001,
       9.992
      ],
      [
       76.31700000000001,
       9.992
      ],
      [
       76.31700000000001,
       9.982999999999999
      ]
     ]
    ]
   }
  },
  {
   "type": "Feature",
   "properties": {
    "ward_id": 12014,
    "name": "Zone 12-14",
    "heat_stress": 0.17785299877075803,
    "lst_anom": 2.182837474027581,
    "people": 3961.833414562839
   },
   "geometry": {
    "type": "Polygon",
    "coordinates": [
     [
      [
       76.32600000000001,
       9.982999999999999
      ],
      [
       76.33500000000001,
       9.982999999999999
      ],
      [
       76.33500000000001,
       9.992
      ],
      [
       76.32600000000001,
       9.992
      ],
      [
       76.32600000000001,
       9.982999999999999
      ]
     ]
    ]
   }
  },
  {
   "type": "Feature",
   "properties": {
    "ward_id": 12015,
    "name": "Zone 12-15",
    "heat_stress": 0.18401363022880143,
    "lst_anom": 2.4036417671476906,
    "people": 3795.9603984087084
   },
   "geometry": {
    "type": "Polygon",
    "coordinates": [
     [
      [
       76.33500000000001,
       9.982999999999999
      ],
      [
       76.34400000000001,
       9.982999999999999
      ],
      [
       76.34400000000001,
       9.992
      ],
      [
       76.33500000000001,
       9.992
      ],
      [
       76.33500000000001,
       9.982999999999999
      ]
     ]
    ]
   }
  },
  {
   "type": "Feature",
   "properties": {
    "ward_id": 12016,
    "name": "Zone 12-16",
    "heat_stress": 0.22917681393792755,
    "lst_anom": 2.919681176679754,
    "people": 4343.147582735505
   },
   "geometry": {
    "type": "Polygon",
    "coordinates": [
     [
      [
       76.34400000000001,
       9.982999999999999
      ],
      [
       76.35300000000001,
       9.982999999999999
      ],
      [
       76.35300000000001,
       9.992
      ],
      [
       76.34400000000001,
       9.992
      ],
      [
       76.34400000000001,
       9.982999999999999
      ]
     ]
    ]
   }
  },
  {
   "type": "Feature",
   "properties": {
    "ward_id": 12017,
    "name": "Zone 12-17",
    "heat_stress": 0.19548636076025092,
    "lst_anom": 2.662287953087435,
    "people": 3576.2857761751425
   },
   "geometry": {
    "type": "Polygon",
    "coordinates": [
     [
      [
       76.35300000000001,
       9.982999999999999
      ],
      [
       76.36200000000001,
       9.982999999999999
      ],
      [
       76.36200000000001,
       9.992
      ],
      [
       76.35300000000001,
       9.992
      ],
      [
       76.35300000000001,
       9.982999999999999
      ]
     ]
    ]
   }
  },
  {
   "type": "Feature",
   "properties": {
    "ward_id": 12018,
    "name": "Zone 12-18",
    "heat_stress": 0.15274116381460412,
    "lst_anom": 2.2117056407600115,
    "people": 3083.290710210949
   },
   "geometry": {
    "type": "Polygon",
    "coordinates": [
     [
      [
       76.36200000000001,
       9.982999999999999
      ],
      [
       76.37100000000001,
       9.982999999999999
      ],
      [
       76.37100000000001,
       9.992
      ],
      [
       76.36200000000001,
       9.992
      ],
      [
       76.36200000000001,
       9.982999999999999
      ]
     ]
    ]
   }
  },
  {
   "type": "Feature",
   "properties": {
    "ward_id": 12019,
    "name": "Zone 12-19",
    "heat_stress": 0.1078654676242797,
    "lst_anom": 1.9382676140317143,
    "people": 2106.038085278248
   },
   "geometry": {
    "type": "Polygon",
    "coordinates": [
     [
      [
       76.371,
       9.982999999999999
      ],
      [
       76.38000000000001,
       9.982999999999999
      ],
      [
       76.38000000000001,
       9.992
      ],
      [
       76.371,
       9.992
      ],
      [
       76.371,
       9.982999999999999
      ]
     ]
    ]
   }
  },
  {
   "type": "Feature",
   "properties": {
    "ward_id": 12020,
    "name": "Zone 12-20",
    "heat_stress": 0.09184110353355472,
    "lst_anom": 1.9510872150078127,
    "people": 1674.3866120574837
   },
   "geometry": {
    "type": "Polygon",
    "coordinates": [
     [
      [
       76.38,
       9.982999999999999
      ],
      [
       76.38900000000001,
       9.982999999999999
      ],
      [
       76.38900000000001,
       9.992
      ],
      [
       76.38,
       9.992
      ],
      [
       76.38,
       9.982999999999999
      ]
     ]
    ]
   }
  },
  {
   "type": "Feature",
   "properties": {
    "ward_id": 12021,
    "name": "Zone 12-21",
    "heat_stress": 0.10326285207408525,
    "lst_anom": 2.2485772703008315,
    "people": 1739.0356287566035
   },
   "geometry": {
    "type": "Polygon",
    "coordinates": [
     [
      [
       76.389,
       9.982999999999999
      ],
      [
       76.39800000000001,
       9.982999999999999
      ],
      [
       76.39800000000001,
       9.992
      ],
      [
       76.389,
       9.992
      ],
      [
       76.389,
       9.982999999999999
      ]
     ]
    ]
   }
  },
  {
   "type": "Feature",
   "properties": {
    "ward_id": 12022,
    "name": "Zone 12-22",
    "heat_stress": 0.12198881580852741,
    "lst_anom": 2.5821517504792992,
    "people": 379.4000282026517
   },
   "geometry": {
    "type": "Polygon",
    "coordinates": [
     [
      [
       76.398,
       9.982999999999999
      ],
      [
       76.3998,
       9.982999999999999
      ],
      [
       76.3998,
       9.992
      ],
      [
       76.398,
       9.992
      ],
      [
       76.398,
       9.982999999999999
      ]
     ]
    ]
   }
  },
  {
   "type": "Feature",
   "properties": {
    "ward_id": 13000,
    "name": "Zone 13-0",
    "heat_stress": 0.0,
    "lst_anom": -3.572396120460057,
    "people": 8.54270224644298
   },
   "geometry": {
    "type": "Polygon",
    "coordinates": [
     [
      [
       76.2,
       9.973999999999998
      ],
      [
       76.209,
       9.973999999999998
      ],
      [
       76.209,
       9.983
      ],
      [
       76.2,
       9.983
      ],
      [
       76.2,
       9.973999999999998
      ]
     ]
    ]
   }
  },
  {
   "type": "Feature",
   "properties": {
    "ward_id": 13001,
    "name": "Zone 13-1",
    "heat_stress": 0.02004735297576374,
    "lst_anom": -1.499347976579207,
    "people": 402.6483210859477
   },
   "geometry": {
    "type": "Polygon",
    "coordinates": [
     [
      [
       76.209,
       9.973999999999998
      ],
      [
       76.218,
       9.973999999999998
      ],
      [
       76.218,
       9.983
      ],
      [
       76.209,
       9.983
      ],
      [
       76.209,
       9.973999999999998
      ]
     ]
    ]
   }
  },
  {
   "type": "Feature",
   "properties": {
    "ward_id": 13002,
    "name": "Zone 13-2",
    "heat_stress": 0.028436135926315075,
    "lst_anom": -0.8889737130518388,
    "people": 1597.647254462871
   },
   "geometry": {
    "type": "Polygon",
    "coordinates": [
     [
      [
       76.218,
       9.973999999999998
      ],
      [
       76.227,
       9.973999999999998
      ],
      [
       76.227,
       9.983
      ],
      [
       76.218,
       9.983
      ],
      [
       76.218,
       9.973999999999998
      ]
     ]
    ]
   }
  },
  {
   "type": "Feature",
   "properties": {
    "ward_id": 13003,
    "name": "Zone 13-3",
    "heat_stress": 0.08547098311489056,
    "lst_anom": 0.1154076934546112,
    "people": 3025.894997240537
   },
   "geometry": {
    "type": "Polygon",
    "coordinates": [
     [
      [
       76.227,
       9.973999999999998
      ],
      [
       76.236,
       9.973999999999998
      ],
      [
       76.236,
       9.983
      ],
      [
       76.227,
       9.983
      ],
      [
       76.227,
       9.973999999999998
      ]
     ]
    ]
   }
  },
  {
   "type": "Feature",
   "properties": {
    "ward_id": 13004,
    "name": "Zone 13-4",
    "heat_stress": 0.22480888299121154,
    "lst_anom": 1.486412847896267,
    "people": 5191.916685222359
   },
   "geometry": {
    "type": "Polygon",
    "coordinates": [
     [
      [
       76.236,
       9.973999999999998
      ],
      [
       76.245,
       9.973999999999998
      ],
      [
       76.245,
       9.983
      ],
      [
       76.236,
       9.983
      ],
      [
       76.236,
       9.973999999999998
      ]
     ]
    ]
   }
  },
  {
   "type": "Feature",
   "properties": {
    "ward_id": 13005,
    "name": "Zone 13-5",
    "heat_stress": 0.0,
    "lst_anom": -2.1134998054385266,
    "people": 52.2897034846992
   },
   "geometry": {
    "type": "Polygon",
    "coordinates": [
     [
      [
       76.245,
       9.973999999999998
      ],
      [
       76.254,
       9.973999999999998
      ],
      [
       76.254,
       9.983
      ],
      [
       76.245,
       9.983
      ],
      [
       76.245,
       9.973999999999998
      ]
     ]
    ]
   }
  },
  {
   "type": "Feature",
   "properties": {
    "ward_id": 13006,
    "name": "Zone 13-6",
    "heat_stress": 0.41446095450404263,
    "lst_anom": 3.3057770730874885,
    "people": 903.2564243681038
   },
   "geometry": {
    "type": "Polygon",
    "coordinates": [
     [
      [
       76.254,
       9.973999999999998
      ],
      [
       76.263,
       9.973999999999998
      ],
      [
       76.263,
       9.983
      ],
      [
       76.254,
       9.983
      ],
      [
       76.254,
       9.973999999999998
      ]
     ]
    ]
   }
  },
  {
   "type": "Feature",
   "properties": {
    "ward_id": 13007,
    "name": "Zone 13-7",
    "heat_stress": 0.9765408235835641,
    "lst_anom": 8.179027373072165,
    "people": 16838.937174079383
   },
   "geometry": {
    "type": "Polygon",
    "coordinates": [
     [
      [
       76.263,
       9.973999999999998
      ],
      [
       76.272,
       9.973999999999998
      ],
      [
       76.272,
       9.983
      ],
      [
       76.263,
       9.983
      ],
      [
       76.263,
       9.973999999999998
      ]
     ]
    ]
   }
  },
  {
   "type": "Feature",
   "properties": {
    "ward_id": 13008,
    "name": "Zone 13-8",
    "heat_stress": 1.2483098296177224,
    "lst_anom": 11.686608026309846,
    "people": 22577.328868845256
   },
   "geometry": {
    "type": "Polygon",
    "coordinates": [
     [
      [
       76.272,
       9.973999999999998
      ],
      [
       76.281,
       9.973999999999998
      ],
      [
       76.281,
       9.983
      ],
      [
       76.272,
       9.983
      ],
      [
       76.272,
       9.973999999999998
      ]
     ]
    ]
   }
  },
  {
   "type": "Feature",
   "properties": {
    "ward_id": 13009,
    "name": "Zone 13-9",
    "heat_stress": 1.2852755116367602,
    "lst_anom": 13.00005334482809,
    "people": 24553.620749699523
   },
   "geometry": {
    "type": "Polygon",
    "coordinates": [
     [
      [
       76.281,
       9.973999999999998
      ],
      [
       76.29,
       9.973999999999998
      ],
      [
       76.29,
       9.983
      ],
      [
       76.281,
       9.983
      ],
      [
       76.281,
       9.973999999999998
      ]
     ]
    ]
   }
  },
  {
   "type": "Feature",
   "properties": {
    "ward_id": 13010,
    "name": "Zone 13-10",
    "heat_stress": 1.2315191355405246,
    "lst_anom": 11.8985882372251,
    "people": 21749.294558472953
   },
   "geometry": {
    "type": "Polygon",
    "coordinates": [
     [
      [
       76.29,
       9.973999999999998
      ],
      [
       76.299,
       9.973999999999998
      ],
      [
       76.299,
       9.983
      ],
      [
       76.29,
       9.983
      ],
      [
       76.29,
       9.973999999999998
      ]
     ]
    ]
   }
  },
  {
   "type": "Feature",
   "properties": {
    "ward_id": 13011,
    "name": "Zone 13-11",
    "heat_stress": 0.9704787964247381,
    "lst_anom": 9.166447466536907,
    "people": 16725.994267548023
   },
   "geometry": {
    "type": "Polygon",
    "coordinates": [
     [
      [
       76.299,
       9.973999999999998
      ],
      [
       76.308,
       9.973999999999998
      ],
      [
       76.308,
       9.983
      ],
      [
       76.299,
       9.983
      ],
      [
       76.299,
       9.973999999999998
      ]
     ]
    ]
   }
  },
  {
   "type": "Feature",
   "properties": {
    "ward_id": 13012,
    "name": "Zone 13-12",
    "heat_stress": 0.5630435126330661,
    "lst_anom": 5.664922826822879,
    "people": 10399.787032468223
   },
   "geometry": {
    "type": "Polygon",
    "coordinates": [
     [
      [
       76.308,
       9.973999999999998
      ],
      [
       76.31700000000001,
       9.973999999999998
      ],
      [
       76.31700000000001,
       9.983
      ],
      [
       76.308,
       9.983
      ],
      [
       76.308,
       9.973999999999998
      ]
     ]
    ]
   }
  },
  {
   "type": "Feature",
   "properties": {
    "ward_id": 13013,
    "name": "Zone 13-13",
    "heat_stress": 0.2696085250497719,
    "lst_anom": 2.8217760537977385,
    "people": 5618.43611067032
   },
   "geometry": {
    "type": "Polygon",
    "coordinates": [
     [
      [
       76.31700000000001,
       9.973999999999998
      ],
      [
       76.32600000000001,
       9.973999999999998
      ],
      [
       76.32600000000001,
       9.983
      ],
      [
       76.31700000000001,
       9.983
      ],
      [
       76.31700000000001,
       9.973999999999998
      ]
     ]
    ]
   }
  },
  {
   "type": "Feature",
   "properties": {
    "ward_id": 13014,
    "name": "Zone 13-14",
    "heat_stress": 0.14401404693975786,
    "lst_anom": 1.575505031885615,
    "people": 3564.8282082230585
   },
   "geometry": {
    "type": "Polygon",
    "coordinates": [
     [
      [
       76.32600000000001,
       9.973999999999998
      ],
      [
       76.33500000000001,
       9.973999999999998
      ],
      [
       76.33500000000001,
       9.983
      ],
      [
       76.32600000000001,
       9.983
      ],
      [
       76.32600000000001,
       9.973999999999998
      ]
     ]
    ]
   }
  },
  {
   "type": "Feature",
   "properties": {
    "ward_id": 13015,
    "name": "Zone 13-15",
    "heat_stress": 0.09496390688902238,
    "lst_anom": 1.1427837214204137,
    "people": 2270.399387559129
   },
   "geometry": {
    "type": "Polygon",
    "coordinates": [
     [
      [
       76.33500000000001,
       9.973999999999998
      ],
      [
       76.34400000000001,
       9.973999999999998
      ],
      [
       76.34400000000001,
       9.983
      ],
      [
       76.33500000000001,
       9.983
      ],
      [
       76.33500000000001,
       9.973999999999998
      ]
     ]
    ]
   }
  },
  {
   "type": "Feature",
   "properties": {
    "ward_id": 13016,
    "name": "Zone 13-16",
    "heat_stress": 0.10925877269384034,
    "lst_anom": 1.3432870017008203,
    "people": 2434.9164948307784
   },
   "geometry": {
    "type": "Polygon",
    "coordinates": [
     [
      [
       76.34400000000001,
       9.973999999999998
      ],
      [
       76.35300000000001,
       9.973999999999998
      ],
      [
       76.35300000000001,
       9.983
      ],
      [
       76.34400000000001,
       9.983
      ],
      [
       76.34400000000001,
       9.973999999999998
      ]
     ]
    ]
   }
  },
  {
   "type": "Feature",
   "properties": {
    "ward_id": 13017,
    "name": "Zone 13-17",
    "heat_stress": 0.08903593102777203,
    "lst_anom": 1.1516924351573974,
    "people": 1959.709163477904
   },
   "geometry": {
    "type": "Polygon",
    "coordinates": [
     [
      [
       76.35300000000001,
       9.973999999999998
      ],
      [
       76.36200000000001,
       9.973999999999998
      ],
      [
       76.36200000000001,
       9.983
      ],
      [
       76.35300000000001,
       9.983
      ],
      [
       76.35300000000001,
       9.973999999999998
      ]
     ]
    ]
   }
  },
  {
   "type": "Feature",
   "properties": {
    "ward_id": 13018,
    "name": "Zone 13-18",
    "heat_stress": 0.08562667726237576,
    "lst_anom": 1.391092240344538,
    "people": 1949.7306134945288
   },
   "geometry": {
    "type": "Polygon",
    "coordinates": [
     [
      [
       76.36200000000001,
       9.973999999999998
      ],
      [
       76.37100000000001,
       9.973999999999998
      ],
      [
       76.37100000000001,
       9.983
      ],
      [
       76.36200000000001,
       9.983
      ],
      [
       76.36200000000001,
       9.973999999999998
      ]
     ]
    ]
   }
  },
  {
   "type": "Feature",
   "properties": {
    "ward_id": 13019,
    "name": "Zone 13-19",
    "heat_stress": 0.08715146187086509,
    "lst_anom": 1.4723376427792065,
    "people": 1951.1382078272852
   },
   "geometry": {
    "type": "Polygon",
    "coordinates": [
     [
      [
       76.371,
       9.973999999999998
      ],
      [
       76.38000000000001,
       9.973999999999998
      ],
      [
       76.38000000000001,
       9.983
      ],
      [
       76.371,
       9.983
      ],
      [
       76.371,
       9.973999999999998
      ]
     ]
    ]
   }
  },
  {
   "type": "Feature",
   "properties": {
    "ward_id": 13020,
    "name": "Zone 13-20",
    "heat_stress": 0.08078030542270051,
    "lst_anom": 1.7657692657653108,
    "people": 1443.1960536060144
   },
   "geometry": {
    "type": "Polygon",
    "coordinates": [
     [
      [
       76.38,
       9.973999999999998
      ],
      [
       76.38900000000001,
       9.973999999999998
      ],
      [
       76.38900000000001,
       9.983
      ],
      [
       76.38,
       9.983
      ],
      [
       76.38,
       9.973999999999998
      ]
     ]
    ]
   }
  },
  {
   "type": "Feature",
   "properties": {
    "ward_id": 13021,
    "name": "Zone 13-21",
    "heat_stress": 0.10327492335635403,
    "lst_anom": 2.113913151457433,
    "people": 1839.6272282065663
   },
   "geometry": {
    "type": "Polygon",
    "coordinates": [
     [
      [
       76.389,
       9.973999999999998
      ],
      [
       76.39800000000001,
       9.973999999999998
      ],
      [
       76.39800000000001,
       9.983
      ],
      [
       76.389,
       9.983
      ],
      [
       76.389,
       9.973999999999998
      ]
     ]
    ]
   }
  },
  {
   "type": "Feature",
   "properties": {
    "ward_id": 13022,
    "name": "Zone 13-22",
    "heat_stress": 0.12462326178183603,
    "lst_anom": 2.5520993263639307,
    "people": 439.1488173379712
   },
   "geometry": {
    "type": "Polygon",
    "coordinates": [
     [
      [
       76.398,
       9.973999999999998
      ],
      [
       76.3998,
       9.973999999999998
      ],
      [
       76.3998,
       9.983
      ],
      [
       76.398,
       9.983
      ],
      [
       76.398,
       9.973999999999998
      ]
     ]
    ]
   }
  },
  {
   "type": "Feature",
   "properties": {
    "ward_id": 14000,
    "name": "Zone 14-0",
    "heat_stress": 0.0,
    "lst_anom": -3.7404058805682125,
    "people": 3.9471366056303965
   },
   "geometry": {
    "type": "Polygon",
    "coordinates": [
     [
      [
       76.2,
       9.964999999999998
      ],
      [
       76.209,
       9.964999999999998
      ],
      [
       76.209,
       9.974
      ],
      [
       76.2,
       9.974
      ],
      [
       76.2,
       9.964999999999998
      ]
     ]
    ]
   }
  },
  {
   "type": "Feature",
   "properties": {
    "ward_id": 14001,
    "name": "Zone 14-1",
    "heat_stress": 0.015166408759300873,
    "lst_anom": -1.5493437663933176,
    "people": 378.2986727263128
   },
   "geometry": {
    "type": "Polygon",
    "coordinates": [
     [
      [
       76.209,
       9.964999999999998
      ],
      [
       76.218,
       9.964999999999998
      ],
      [
       76.218,
       9.974
      ],
      [
       76.209,
       9.974
      ],
      [
       76.209,
       9.964999999999998
      ]
     ]
    ]
   }
  },
  {
   "type": "Feature",
   "properties": {
    "ward_id": 14002,
    "name": "Zone 14-2",
    "heat_stress": 0.03280225328810669,
    "lst_anom": -0.8663136449005658,
    "people": 1855.0226460272731
   },
   "geometry": {
    "type": "Polygon",
    "coordinates": [
     [
      [
       76.218,
       9.964999999999998
      ],
      [
       76.227,
       9.964999999999998
      ],
      [
       76.227,
       9.974
      ],
      [
       76.218,
       9.974
      ],
      [
       76.218,
       9.964999999999998
      ]
     ]
    ]
   }
  },
  {
   "type": "Feature",
   "properties": {
    "ward_id": 14003,
    "name": "Zone 14-3",
    "heat_stress": 0.18428083410683144,
    "lst_anom": 1.2271581254687587,
    "people": 4654.557926722127
   },
   "geometry": {
    "type": "Polygon",
    "coordinates": [
     [
      [
       76.227,
       9.964999999999998
      ],
      [
       76.236,
       9.964999999999998
      ],
      [
       76.236,
       9.974
      ],
      [
       76.227,
       9.974
      ],
      [
       76.227,
       9.964999999999998
      ]
     ]
    ]
   }
  },
  {
   "type": "Feature",
   "properties": {
    "ward_id": 14004,
    "name": "Zone 14-4",
    "heat_stress": 0.5071359341168769,
    "lst_anom": 4.143562770119505,
    "people": 9669.395139905118
   },
   "geometry": {
    "type": "Polygon",
    "coordinates": [
     [
      [
       76.236,
       9.964999999999998
      ],
      [
       76.245,
       9.964999999999998
      ],
      [
       76.245,
       9.974
      ],
      [
       76.236,
       9.974
      ],
      [
       76.236,
       9.964999999999998
      ]
     ]
    ]
   }
  },
  {
   "type": "Feature",
   "properties": {
    "ward_id": 14005,
    "name": "Zone 14-5",
    "heat_stress": 0.0,
    "lst_anom": -1.6140439090169492,
    "people": 38.97844688576991
   },
   "geometry": {
    "type": "Polygon",
    "coordinates": [
     [
      [
       76.245,
       9.964999999999998
      ],
      [
       76.254,
       9.964999999999998
      ],
      [
       76.254,
       9.974
      ],
      [
       76.245,
       9.974
      ],
      [
       76.245,
       9.964999999999998
      ]
     ]
    ]
   }
  },
  {
   "type": "Feature",
   "properties": {
    "ward_id": 14006,
    "name": "Zone 14-6",
    "heat_stress": 0.0,
    "lst_anom": -3.5261433901577015,
    "people": 4.252386756739052
   },
   "geometry": {
    "type": "Polygon",
    "coordinates": [
     [
      [
       76.254,
       9.964999999999998
      ],
      [
       76.263,
       9.964999999999998
      ],
      [
       76.263,
       9.974
      ],
      [
       76.254,
       9.974
      ],
      [
       76.254,
       9.964999999999998
      ]
     ]
    ]
   }
  },
  {
   "type": "Feature",
   "properties": {
    "ward_id": 14007,
    "name": "Zone 14-7",
    "heat_stress": 0.8388962461017961,
    "lst_anom": 6.88524443600175,
    "people": 10316.466205402492
   },
   "geometry": {
    "type": "Polygon",
    "coordinates": [
     [
      [
       76.263,
       9.964999999999998
      ],
      [
       76.272,
       9.964999999999998
      ],
      [
       76.272,
       9.974
      ],
      [
       76.263,
       9.974
      ],
      [
       76.263,
       9.964999999999998
      ]
     ]
    ]
   }
  },
  {
   "type": "Feature",
   "properties": {
    "ward_id": 14008,
    "name": "Zone 14-8",
    "heat_stress": 1.1528087679472303,
    "lst_anom": 10.170395474217923,
    "people": 20223.827627705556
   },
   "geometry": {
    "type": "Polygon",
    "coordinates": [
     [
      [
       76.272,
       9.964999999999998
      ],
      [
       76.281,
       9.964999999999998
      ],
      [
       76.281,
       9.974
      ],
      [
       76.272,
       9.974
      ],
      [
       76.272,
       9.964999999999998
      ]
     ]
    ]
   }
  },
  {
   "type": "Feature",
   "properties": {
    "ward_id": 14009,
    "name": "Zone 14-9",
    "heat_stress": 1.2275650025062925,
    "lst_anom": 11.333372287418491,
    "people": 21898.300543397967
   },
   "geometry": {
    "type": "Polygon",
    "coordinates": [
     [
      [
       76.281,
       9.964999999999998
      ],
      [
       76.29,
       9.964999999999998
      ],
      [
       76.29,
       9.974
      ],
      [
       76.281,
       9.974
      ],
      [
       76.281,
       9.964999999999998
      ]
     ]
    ]
   }
  },
  {
   "type": "Feature",
   "properties": {
    "ward_id": 14010,
    "name": "Zone 14-10",
    "heat_stress": 1.1165345784598129,
    "lst_anom": 10.322919051310361,
    "people": 19328.018086710134
   },
   "geometry": {
    "type": "Polygon",
    "coordinates": [
     [
      [
       76.29,
       9.964999999999998
      ],
      [
       76.299,
       9.964999999999998
      ],
      [
       76.299,
       9.974
      ],
      [
       76.29,
       9.974
      ],
      [
       76.29,
       9.964999999999998
      ]
     ]
    ]
   }
  },
  {
   "type": "Feature",
   "properties": {
    "ward_id": 14011,
    "name": "Zone 14-11",
    "heat_stress": 0.8372938267517763,
    "lst_anom": 7.665336162009394,
    "people": 14762.26986361474
   },
   "geometry": {
    "type": "Polygon",
    "coordinates": [
     [
      [
       76.299,
       9.964999999999998
      ],
      [
       76.308,
       9.964999999999998
      ],
      [
       76.308,
       9.974
      ],
      [
       76.299,
       9.974
      ],
      [
       76.299,
       9.964999999999998
      ]
     ]
    ]
   }
  },
  {
   "type": "Feature",
   "properties": {
    "ward_id": 14012,
    "name": "Zone 14-12",
    "heat_stress": 0.45559645132614335,
    "lst_anom": 4.296263933665555,
    "people": 8918.9799821614
   },
   "geometry": {
    "type": "Polygon",
    "coordinates": [
     [
      [
       76.308,
       9.964999999999998
      ],
      [
       76.31700000000001,
       9.964999999999998
      ],
      [
       76.31700000000001,
       9.974
      ],
      [
       76.308,
       9.974
      ],
      [
       76.308,
       9.964999999999998
      ]
     ]
    ]
   }
  },
  {
   "type": "Feature",
   "properties": {
    "ward_id": 14013,
    "name": "Zone 14-13",
    "heat_stress": 0.2262201962254038,
    "lst_anom": 2.1593909018907413,
    "people": 5043.151526276097
   },
   "geometry": {
    "type": "Polygon",
    "coordinates": [
     [
      [
       76.31700000000001,
       9.964999999999998
      ],
      [
       76.32600000000001,
       9.964999999999998
      ],
      [
       76.32600000000001,
       9.974
      ],
      [
       76.31700000000001,
       9.974
      ],
      [
       76.31700000000001,
       9.964999999999998
      ]
     ]
    ]
   }
  },
  {
   "type": "Feature",
   "properties": {
    "ward_id": 14014,
    "name": "Zone 14-14",
    "heat_stress": 0.11162627225872826,
    "lst_anom": 0.944418645142416,
    "people": 3045.088407074676
   },
   "geometry": {
    "type": "Polygon",
    "coordinates": [
     [
      [
       76.32600000000001,
       9.964999999999998
      ],
      [
       76.33500000000001,
       9.964999999999998
      ],
      [
       76.33500000000001,
       9.974
      ],
      [
       76.32600000000001,
       9.974
      ],
      [
       76.32600000000001,
       9.964999999999998
      ]
     ]
    ]
   }
  },
  {
   "type": "Feature",
   "properties": {
    "ward_id": 14015,
    "name": "Zone 14-15",
    "heat_stress": 0.07027103542533114,
    "lst_anom": 0.4412953808832076,
    "people": 1974.264219467158
   },
   "geometry": {
    "type": "Polygon",
    "coordinates": [
     [
      [
       76.33500000000001,
       9.964999999999998
      ],
      [
       76.34400000000001,
       9.964999999999998
      ],
      [
       76.34400000000001,
       9.974
      ],
      [
       76.33500000000001,
       9.974
      ],
      [
       76.33500000000001,
       9.964999999999998
      ]
     ]
    ]
   }
  },
  {
   "type": "Feature",
   "properties": {
    "ward_id": 14016,
    "name": "Zone 14-16",
    "heat_stress": 0.07834509641858754,
    "lst_anom": 0.729305594262479,
    "people": 1834.4944776446196
   },
   "geometry": {
    "type": "Polygon",
    "coordinates": [
     [
      [
       76.34400000000001,
       9.964999999999998
      ],
      [
       76.35300000000001,
       9.964999999999998
      ],
      [
       76.35300000000001,
       9.974
      ],
      [
       76.34400000000001,
       9.974
      ],
      [
       76.34400000000001,
       9.964999999999998
      ]
     ]
    ]
   }
  },
  {
   "type": "Feature",
   "properties": {
    "ward_id": 14017,
    "name": "Zone 14-17",
    "heat_stress": 0.06612823598183709,
    "lst_anom": 0.6298267716802244,
    "people": 1782.4316106464673
   },
   "geometry": {
    "type": "Polygon",
    "coordinates": [
     [
      [
       76.35300000000001,
       9.964999999999998
      ],
      [
       76.36200000000001,
       9.964999999999998
      ],
      [
       76.36200000000001,
       9.974
      ],
      [
       76.35300000000001,
       9.974
      ],
      [
       76.35300000000001,
       9.964999999999998
      ]
     ]
    ]
   }
  },
  {
   "type": "Feature",
   "properties": {
    "ward_id": 14018,
    "name": "Zone 14-18",
    "heat_stress": 0.07627093349702978,
    "lst_anom": 1.0477878226523571,
    "people": 1381.187182659438
   },
   "geometry": {
    "type": "Polygon",
    "coordinates": [
     [
      [
       76.36200000000001,
       9.964999999999998
      ],
      [
       76.37100000000001,
       9.964999999999998
      ],
      [
       76.37100000000001,
       9.974
      ],
      [
       76.36200000000001,
       9.974
      ],
      [
       76.36200000000001,
       9.964999999999998
      ]
     ]
    ]
   }
  },
  {
   "type": "Feature",
   "properties": {
    "ward_id": 14019,
    "name": "Zone 14-19",
    "heat_stress": 0.08974495219415156,
    "lst_anom": 1.4056679639256378,
    "people": 1824.0815503333383
   },
   "geometry": {
    "type": "Polygon",
    "coordinates": [
     [
      [
       76.371,
       9.964999999999998
      ],
      [
       76.38000000000001,
       9.964999999999998
      ],
      [
       76.38000000000001,
       9.974
      ],
      [
       76.371,
       9.974
      ],
      [
       76.371,
       9.964999999999998
      ]
     ]
    ]
   }
  },
  {
   "type": "Feature",
   "properties": {
    "ward_id": 14020,
    "name": "Zone 14-20",
    "heat_stress": 0.08408902831871967,
    "lst_anom": 1.5246326170244253,
    "people": 1558.6151452410131
   },
   "geometry": {
    "type": "Polygon",
    "coordinates": [
     [
      [
       76.38,
       9.964999999999998
      ],
      [
       76.38900000000001,
       9.964999999999998
      ],
      [
       76.38900000000001,
       9.974
      ],
      [
       76.38,
       9.974
      ],
      [
       76.38,
       9.964999999999998
      ]
     ]
    ]
   }
  },
  {
   "type": "Feature",
   "properties": {
    "ward_id": 14021,
    "name": "Zone 14-21",
    "heat_stress": 0.09097890651464512,
    "lst_anom": 1.8588442054771843,
    "people": 1760.3933377981932
   },
   "geometry": {
    "type": "Polygon",
    "coordinates": [
     [
      [
       76.389,
       9.964999999999998
      ],
      [
       76.39800000000001,
       9.964999999999998
      ],
      [
       76.39800000000001,
       9.974
      ],
      [
       76.389,
       9.974
      ],
      [
       76.389,
       9.964999999999998
      ]
     ]
    ]
   }
  },
  {
   "type": "Feature",
   "properties": {
    "ward_id": 14022,
    "name": "Zone 14-22",
    "heat_stress": 0.1105805737291714,
    "lst_anom": 2.536168336746251,
    "people": 297.6489059297586
   },
   "geometry": {
    "type": "Polygon",
    "coordinates": [
     [
      [
       76.398,
       9.964999999999998
      ],
      [
       76.3998,
       9.964999999999998
      ],
      [
       76.3998,
       9.974
      ],
      [
       76.398,
       9.974
      ],
      [
       76.398,
       9.964999999999998
      ]
     ]
    ]
   }
  },
  {
   "type": "Feature",
   "properties": {
    "ward_id": 15000,
    "name": "Zone 15-0",
    "heat_stress": 0.0,
    "lst_anom": -3.550875894713366,
    "people": 3.864651855202769
   },
   "geometry": {
    "type": "Polygon",
    "coordinates": [
     [
      [
       76.2,
       9.956
      ],
      [
       76.209,
       9.956
      ],
      [
       76.209,
       9.965
      ],
      [
       76.2,
       9.965
      ],
      [
       76.2,
       9.956
      ]
     ]
    ]
   }
  },
  {
   "type": "Feature",
   "properties": {
    "ward_id": 15001,
    "name": "Zone 15-1",
    "heat_stress": 0.044935664851373035,
    "lst_anom": -1.138403295510757,
    "people": 465.27619156961845
   },
   "geometry": {
    "type": "Polygon",
    "coordinates": [
     [
      [
       76.209,
       9.956
      ],
      [
       76.218,
       9.956
      ],
      [
       76.218,
       9.965
      ],
      [
       76.209,
       9.965
      ],
      [
       76.209,
       9.956
      ]
     ]
    ]
   }
  },
  {
   "type": "Feature",
   "properties": {
    "ward_id": 15002,
    "name": "Zone 15-2",
    "heat_stress": 0.030502870654256834,
    "lst_anom": -0.9356991409030183,
    "people": 1890.4802375319541
   },
   "geometry": {
    "type": "Polygon",
    "coordinates": [
     [
      [
       76.218,
       9.956
      ],
      [
       76.227,
       9.956
      ],
      [
       76.227,
       9.965
      ],
      [
       76.218,
       9.965
      ],
      [
       76.218,
       9.956
      ]
     ]
    ]
   }
  },
  {
   "type": "Feature",
   "properties": {
    "ward_id": 15003,
    "name": "Zone 15-3",
    "heat_stress": 0.16121153896145182,
    "lst_anom": 0.97025555581729,
    "people": 4374.490130271027
   },
   "geometry": {
    "type": "Polygon",
    "coordinates": [
     [
      [
       76.227,
       9.956
      ],
      [
       76.236,
       9.956
      ],
      [
       76.236,
       9.965
      ],
      [
       76.227,
       9.965
      ],
      [
       76.227,
       9.956
      ]
     ]
    ]
   }
  },
  {
   "type": "Feature",
   "properties": {
    "ward_id": 15004,
    "name": "Zone 15-4",
    "heat_stress": 0.5064787396129962,
    "lst_anom": 3.942446351259371,
    "people": 9486.033402076686
   },
   "geometry": {
    "type": "Polygon",
    "coordinates": [
     [
      [
       76.236,
       9.956
      ],
      [
       76.245,
       9.956
      ],
      [
       76.245,
       9.965
      ],
      [
       76.236,
       9.965
      ],
      [
       76.236,
       9.956
      ]
     ]
    ]
   }
  },
  {
   "type": "Feature",
   "properties": {
    "ward_id": 15005,
    "name": "Zone 15-5",
    "heat_stress": 0.0,
    "lst_anom": -1.7644650823408878,
    "people": 57.702872461243544
   },
   "geometry": {
    "type": "Polygon",
    "coordinates": [
     [
      [
       76.245,
       9.956
      ],
      [
       76.254,
       9.956
      ],
      [
       76.254,
       9.965
      ],
      [
       76.245,
       9.965
      ],
      [
       76.245,
       9.956
      ]
     ]
    ]
   }
  },
  {
   "type": "Feature",
   "properties": {
    "ward_id": 15006,
    "name": "Zone 15-6",
    "heat_stress": 0.0,
    "lst_anom": -3.4645821976175553,
    "people": 7.431150084543512
   },
   "geometry": {
    "type": "Polygon",
    "coordinates": [
     [
      [
       76.254,
       9.956
      ],
      [
       76.263,
       9.956
      ],
      [
       76.263,
       9.965
      ],
      [
       76.254,
       9.965
      ],
      [
       76.254,
       9.956
      ]
     ]
    ]
   }
  },
  {
   "type": "Feature",
   "properties": {
    "ward_id": 15007,
    "name": "Zone 15-7",
    "heat_stress": 0.5665065696409545,
    "lst_anom": 4.593436514682601,
    "people": 3943.186077481845
   },
   "geometry": {
    "type": "Polygon",
    "coordinates": [
     [
      [
       76.263,
       9.956
      ],
      [
       76.272,
       9.956
      ],
      [
       76.272,
       9.965
      ],
      [
       76.263,
       9.965
      ],
      [
       76.263,
       9.956
      ]
     ]
    ]
   }
  },
  {
   "type": "Feature",
   "properties": {
    "ward_id": 15008,
    "name": "Zone 15-8",
    "heat_stress": 0.7961135121531278,
    "lst_anom": 6.631597785657213,
    "people": 14516.628475803112
   },
   "geometry": {
    "type": "Polygon",
    "coordinates": [
     [
      [
       76.272,
       9.956
      ],
      [
       76.281,
       9.956
      ],
      [
       76.281,
       9.965
      ],
      [
       76.272,
       9.965
      ],
      [
       76.272,
       9.956
      ]
     ]
    ]
   }
  },
  {
   "type": "Feature",
   "properties": {
    "ward_id": 15009,
    "name": "Zone 15-9",
    "heat_stress": 0.8944046983893066,
    "lst_anom": 7.821658009194513,
    "people": 15774.392615356055
   },
   "geometry": {
    "type": "Polygon",
    "coordinates": [
     [
      [
       76.281,
       9.956
      ],
      [
       76.29,
       9.956
      ],
      [
       76.29,
       9.965
      ],
      [
       76.281,
       9.965
      ],
      [
       76.281,
       9.956
      ]
     ]
    ]
   }
  },
  {
   "type": "Feature",
   "properties": {
    "ward_id": 15010,
    "name": "Zone 15-10",
    "heat_stress": 0.7981079108359308,
    "lst_anom": 7.105075636061751,
    "people": 14251.561020810486
   },
   "geometry": {
    "type": "Polygon",
    "coordinates": [
     [
      [
       76.29,
       9.956
      ],
      [
       76.299,
       9.956
      ],
      [
       76.299,
       9.965
      ],
      [
       76.29,
       9.965
      ],
      [
       76.29,
       9.956
      ]
     ]
    ]
   }
  },
  {
   "type": "Feature",
   "properties": {
    "ward_id": 15011,
    "name": "Zone 15-11",
    "heat_stress": 0.5714351443263962,
    "lst_anom": 4.969465660584844,
    "people": 10821.543541554469
   },
   "geometry": {
    "type": "Polygon",
    "coordinates": [
     [
      [
       76.299,
       9.956
      ],
      [
       76.308,
       9.956
      ],
      [
       76.308,
       9.965
      ],
      [
       76.299,
       9.965
      ],
      [
       76.299,
       9.956
      ]
     ]
    ]
   }
  },
  {
   "type": "Feature",
   "properties": {
    "ward_id": 15012,
    "name": "Zone 15-12",
    "heat_stress": 0.3058656341241985,
    "lst_anom": 2.689774748721416,
    "people": 6791.045321091116
   },
   "geometry": {
    "type": "Polygon",
    "coordinates": [
     [
      [
       76.308,
       9.956
      ],
      [
       76.31700000000001,
       9.956
      ],
      [
       76.31700000000001,
       9.965
      ],
      [
       76.308,
       9.965
      ],
      [
       76.308,
       9.956
      ]
     ]
    ]
   }
  },
  {
   "type": "Feature",
   "properties": {
    "ward_id": 15013,
    "name": "Zone 15-13",
    "heat_stress": 0.13951683810135604,
    "lst_anom": 1.1165722959045847,
    "people": 4006.1325205785465
   },
   "geometry": {
    "type": "Polygon",
    "coordinates": [
     [
      [
       76.31700000000001,
       9.956
      ],
      [
       76.32600000000001,
       9.956
      ],
      [
       76.32600000000001,
       9.965
      ],
      [
       76.31700000000001,
       9.965
      ],
      [
       76.31700000000001,
       9.956
      ]
     ]
    ]
   }
  },
  {
   "type": "Feature",
   "properties": {
    "ward_id": 15014,
    "name": "Zone 15-14",
    "heat_stress": 0.08032766876993043,
    "lst_anom": 0.24449838514054845,
    "people": 2653.0110795248793
   },
   "geometry": {
    "type": "Polygon",
    "coordinates": [
     [
      [
       76.32600000000001,
       9.956
      ],
      [
       76.33500000000001,
       9.956
      ],
      [
       76.33500000000001,
       9.965
      ],
      [
       76.32600000000001,
       9.965
      ],
      [
       76.32600000000001,
       9.956
      ]
     ]
    ]
   }
  },
  {
   "type": "Feature",
   "properties": {
    "ward_id": 15015,
    "name": "Zone 15-15",
    "heat_stress": 0.06067249147370308,
    "lst_anom": 0.18290944126595868,
    "people": 1975.8624587486345
   },
   "geometry": {
    "type": "Polygon",
    "coordinates": [
     [
      [
       76.33500000000001,
       9.956
      ],
      [
       76.34400000000001,
       9.956
      ],
      [
       76.34400000000001,
       9.965
      ],
      [
       76.33500000000001,
       9.965
      ],
      [
       76.33500000000001,
       9.956
      ]
     ]
    ]
   }
  },
  {
   "type": "Feature",
   "properties": {
    "ward_id": 15016,
    "name": "Zone 15-16",
    "heat_stress": 0.050732634710501184,
    "lst_anom": 0.11182663310243432,
    "people": 1735.588403539595
   },
   "geometry": {
    "type": "Polygon",
    "coordinates": [
     [
      [
       76.34400000000001,
       9.956
      ],
      [
       76.35300000000001,
       9.956
      ],
      [
       76.35300000000001,
       9.965
      ],
      [
       76.34400000000001,
       9.965
      ],
      [
       76.34400000000001,
       9.956
      ]
     ]
    ]
   }
  },
  {
   "type": "Feature",
   "properties": {
    "ward_id": 15017,
    "name": "Zone 15-17",
    "heat_stress": 0.07510481173487384,
    "lst_anom": 0.6902646756072343,
    "people": 1790.9309765940097
   },
   "geometry": {
    "type": "Polygon",
    "coordinates": [
     [
      [
       76.35300000000001,
       9.956
      ],
      [
       76.36200000000001,
       9.956
      ],
      [
       76.36200000000001,
       9.965
      ],
      [
       76.35300000000001,
       9.965
      ],
      [
       76.35300000000001,
       9.956
      ]
     ]
    ]
   }
  },
  {
   "type": "Feature",
   "properties": {
    "ward_id": 15018,
    "name": "Zone 15-18",
    "heat_stress": 0.06771619314918906,
    "lst_anom": 0.7585676104230253,
    "people": 1740.6796554633686
   },
   "geometry": {
    "type": "Polygon",
    "coordinates": [
     [
      [
       76.36200000000001,
       9.956
      ],
      [
       76.37100000000001,
       9.956
      ],
      [
       76.37100000000001,
       9.965
      ],
      [
       76.36200000000001,
       9.965
      ],
      [
       76.36200000000001,
       9.956
      ]
     ]
    ]
   }
  },
  {
   "type": "Feature",
   "properties": {
    "ward_id": 15019,
    "name": "Zone 15-19",
    "heat_stress": 0.08176115658701168,
    "lst_anom": 1.2426139701219439,
    "people": 1590.6073217908197
   },
   "geometry": {
    "type": "Polygon",
    "coordinates": [
     [
      [
       76.371,
       9.956
      ],
      [
       76.38000000000001,
       9.956
      ],
      [
       76.38000000000001,
       9.965
      ],
      [
       76.371,
       9.965
      ],
      [
       76.371,
       9.956
      ]
     ]
    ]
   }
  },
  {
   "type": "Feature",
   "properties": {
    "ward_id": 15020,
    "name": "Zone 15-20",
    "heat_stress": 0.0715910641874062,
    "lst_anom": 1.3799777966431002,
    "people": 1659.181684918779
   },
   "geometry": {
    "type": "Polygon",
    "coordinates": [
     [
      [
       76.38,
       9.956
      ],
      [
       76.38900000000001,
       9.956
      ],
      [
       76.38900000000001,
       9.965
      ],
      [
       76.38,
       9.965
      ],
      [
       76.38,
       9.956
      ]
     ]
    ]
   }
  },
  {
   "type": "Feature",
   "properties": {
    "ward_id": 15021,
    "name": "Zone 15-21",
    "heat_stress": 0.08984809574802159,
    "lst_anom": 1.7297468578146002,
    "people": 1745.6770618164521
   },
   "geometry": {
    "type": "Polygon",
    "coordinates": [
     [
      [
       76.389,
       9.956
      ],
      [
       76.39800000000001,
       9.956
      ],
      [
       76.39800000000001,
       9.965
      ],
      [
       76.389,
       9.965
      ],
      [
       76.389,
       9.956
      ]
     ]
    ]
   }
  },
  {
   "type": "Feature",
   "properties": {
    "ward_id": 15022,
    "name": "Zone 15-22",
    "heat_stress": 0.09006842863393667,
    "lst_anom": 2.1069499415393866,
    "people": 349.34791546791337
   },
   "geometry": {
    "type": "Polygon",
    "coordinates": [
     [
      [
       76.398,
       9.956
      ],
      [
       76.3998,
       9.956
      ],
      [
       76.3998,
       9.965
      ],
      [
       76.398,
       9.965
      ],
      [
       76.398,
       9.956
      ]
     ]
    ]
   }
  },
  {
   "type": "Feature",
   "properties": {
    "ward_id": 16000,
    "name": "Zone 16-0",
    "heat_stress": 0.0,
    "lst_anom": -3.5828721615601964,
    "people": 3.0486027577462225
   },
   "geometry": {
    "type": "Polygon",
    "coordinates": [
     [
      [
       76.2,
       9.947
      ],
      [
       76.209,
       9.947
      ],
      [
       76.209,
       9.956
      ],
      [
       76.2,
       9.956
      ],
      [
       76.2,
       9.947
      ]
     ]
    ]
   }
  },
  {
   "type": "Feature",
   "properties": {
    "ward_id": 16001,
    "name": "Zone 16-1",
    "heat_stress": 7.423749767473655e-05,
    "lst_anom": -2.893335036648868,
    "people": 13.635477367161384
   },
   "geometry": {
    "type": "Polygon",
    "coordinates": [
     [
      [
       76.209,
       9.947
      ],
      [
       76.218,
       9.947
      ],
      [
       76.218,
       9.956
      ],
      [
       76.209,
       9.956
      ],
      [
       76.209,
       9.947
      ]
     ]
    ]
   }
  },
  {
   "type": "Feature",
   "properties": {
    "ward_id": 16002,
    "name": "Zone 16-2",
    "heat_stress": 0.0015856993159797147,
    "lst_anom": -2.0753821631258287,
    "people": 105.77319085520193
   },
   "geometry": {
    "type": "Polygon",
    "coordinates": [
     [
      [
       76.218,
       9.947
      ],
      [
       76.227,
       9.947
      ],
      [
       76.227,
       9.956
      ],
      [
       76.218,
       9.956
      ],
      [
       76.218,
       9.947
      ]
     ]
    ]
   }
  },
  {
   "type": "Feature",
   "properties": {
    "ward_id": 16003,
    "name": "Zone 16-3",
    "heat_stress": 0.014541098087132595,
    "lst_anom": -1.4051951700553253,
    "people": 123.73863680006653
   },
   "geometry": {
    "type": "Polygon",
    "coordinates": [
     [
      [
       76.227,
       9.947
      ],
      [
       76.236,
       9.947
      ],
      [
       76.236,
       9.956
      ],
      [
       76.227,
       9.956
      ],
      [
       76.227,
       9.947
      ]
     ]
    ]
   }
  },
  {
   "type": "Feature",
   "properties": {
    "ward_id": 16004,
    "name": "Zone 16-4",
    "heat_stress": 0.023109027009312548,
    "lst_anom": -1.0139448013047907,
    "people": 173.3436612518296
   },
   "geometry": {
    "type": "Polygon",
    "coordinates": [
     [
      [
       76.236,
       9.947
      ],
      [
       76.245,
       9.947
      ],
      [
       76.245,
       9.956
      ],
      [
       76.236,
       9.956
      ],
      [
       76.236,
       9.947
      ]
     ]
    ]
   }
  },
  {
   "type": "Feature",
   "properties": {
    "ward_id": 16005,
    "name": "Zone 16-5",
    "heat_stress": 0.0,
    "lst_anom": -2.853398912449182,
    "people": 8.060203909336405
   },
   "geometry": {
    "type": "Polygon",
    "coordinates": [
     [
      [
       76.245,
       9.947
      ],
      [
       76.254,
       9.947
      ],
      [
       76.254,
       9.956
      ],
      [
       76.245,
       9.956
      ],
      [
       76.245,
       9.947
      ]
     ]
    ]
   }
  },
  {
   "type": "Feature",
   "properties": {
    "ward_id": 16006,
    "name": "Zone 16-6",
    "heat_stress": 0.0,
    "lst_anom": -3.6396419031732026,
    "people": 4.641361116818753
   },
   "geometry": {
    "type": "Polygon",
    "coordinates": [
     [
      [
       76.254,
       9.947
      ],
      [
       76.263,
       9.947
      ],
      [
       76.263,
       9.956
      ],
      [
       76.254,
       9.956
      ],
      [
       76.254,
       9.947
      ]
     ]
    ]
   }
  },
  {
   "type": "Feature",
   "properties": {
    "ward_id": 16007,
    "name": "Zone 16-7",
    "heat_stress": 0.15326035963163362,
    "lst_anom": 0.584081174620159,
    "people": 612.7334906022635
   },
   "geometry": {
    "type": "Polygon",
    "coordinates": [
     [
      [
       76.263,
       9.947
      ],
      [
       76.272,
       9.947
      ],
      [
       76.272,
       9.956
      ],
      [
       76.263,
       9.956
      ],
      [
       76.263,
       9.947
      ]
     ]
    ]
   }
  },
  {
   "type": "Feature",
   "properties": {
    "ward_id": 16008,
    "name": "Zone 16-8",
    "heat_stress": 0.42133834814161875,
    "lst_anom": 3.192740272580587,
    "people": 8965.572359464884
   },
   "geometry": {
    "type": "Polygon",
    "coordinates": [
     [
      [
       76.272,
       9.947
      ],
      [
       76.281,
       9.947
      ],
      [
       76.281,
       9.956
      ],
      [
       76.272,
       9.956
      ],
      [
       76.272,
       9.947
      ]
     ]
    ]
   }
  },
  {
   "type": "Feature",
   "properties": {
    "ward_id": 16009,
    "name": "Zone 16-9",
    "heat_stress": 0.48999327075096405,
    "lst_anom": 4.098468039597387,
    "people": 9735.253897084242
   },
   "geometry": {
    "type": "Polygon",
    "coordinates": [
     [
      [
       76.281,
       9.947
      ],
      [
       76.29,
       9.947
      ],
      [
       76.29,
       9.956
      ],
      [
       76.281,
       9.956
      ],
      [
       76.281,
       9.947
      ]
     ]
    ]
   }
  },
  {
   "type": "Feature",
   "properties": {
    "ward_id": 16010,
    "name": "Zone 16-10",
    "heat_stress": 0.42465434494374305,
    "lst_anom": 3.6102897226531985,
    "people": 8813.652947765255
   },
   "geometry": {
    "type": "Polygon",
    "coordinates": [
     [
      [
       76.29,
       9.947
      ],
      [
       76.299,
       9.947
      ],
      [
       76.299,
       9.956
      ],
      [
       76.29,
       9.956
      ],
      [
       76.29,
       9.947
      ]
     ]
    ]
   }
  },
  {
   "type": "Feature",
   "properties": {
    "ward_id": 16011,
    "name": "Zone 16-11",
    "heat_stress": 0.26004673760609676,
    "lst_anom": 2.1569069475063216,
    "people": 6385.617163884194
   },
   "geometry": {
    "type": "Polygon",
    "coordinates": [
     [
      [
       76.299,
       9.947
      ],
      [
       76.308,
       9.947
      ],
      [
       76.308,
       9.956
      ],
      [
       76.299,
       9.956
      ],
      [
       76.299,
       9.947
      ]
     ]
    ]
   }
  },
  {
   "type": "Feature",
   "properties": {
    "ward_id": 16012,
    "name": "Zone 16-12",
    "heat_stress": 0.15606119819795697,
    "lst_anom": 0.9609446190182231,
    "people": 4500.48918815881
   },
   "geometry": {
    "type": "Polygon",
    "coordinates": [
     [
      [
       76.308,
       9.947
      ],
      [
       76.31700000000001,
       9.947
      ],
      [
       76.31700000000001,
       9.956
      ],
      [
       76.308,
       9.956
      ],
      [
       76.308,
       9.947
      ]
     ]
    ]
   }
  },
  {
   "type": "Feature",
   "properties": {
    "ward_id": 16013,
    "name": "Zone 16-13",
    "heat_stress": 0.07292928363925348,
    "lst_anom": 0.05887596204850468,
    "people": 2863.475494343511
   },
   "geometry": {
    "type": "Polygon",
    "coordinates": [
     [
      [
       76.31700000000001,
       9.947
      ],
      [
       76.32600000000001,
       9.947
      ],
      [
       76.32600000000001,
       9.956
      ],
      [
       76.31700000000001,
       9.956
      ],
      [
       76.31700000000001,
       9.947
      ]
     ]
    ]
   }
  },
  {
   "type": "Feature",
   "properties": {
    "ward_id": 16014,
    "name": "Zone 16-14",
    "heat_stress": 0.04949274714917116,
    "lst_anom": -0.23988912183696048,
    "people": 2049.779215330071
   },
   "geometry": {
    "type": "Polygon",
    "coordinates": [
     [
      [
       76.32600000000001,
       9.947
      ],
      [
       76.33500000000001,
       9.947
      ],
      [
       76.33500000000001,
       9.956
      ],
      [
       76.32600000000001,
       9.956
      ],
      [
       76.32600000000001,
       9.947
      ]
     ]
    ]
   }
  },
  {
   "type": "Feature",
   "properties": {
    "ward_id": 16015,
    "name": "Zone 16-15",
    "heat_stress": 0.04930799827787706,
    "lst_anom": -0.13926141725637434,
    "people": 1711.6689007243922
   },
   "geometry": {
    "type": "Polygon",
    "coordinates": [
     [
      [
       76.33500000000001,
       9.947
      ],
      [
       76.34400000000001,
       9.947
      ],
      [
       76.34400000000001,
       9.956
      ],
      [
       76.33500000000001,
       9.956
      ],
      [
       76.33500000000001,
       9.947
      ]
     ]
    ]
   }
  },
  {
   "type": "Feature",
   "properties": {
    "ward_id": 16016,
    "name": "Zone 16-16",
    "heat_stress": 0.054740910931152915,
    "lst_anom": 0.029940910815409536,
    "people": 1792.4391777788012
   },
   "geometry": {
    "type": "Polygon",
    "coordinates": [
     [
      [
       76.34400000000001,
       9.947
      ],
      [
       76.35300000000001,
       9.947
      ],
      [
       76.35300000000001,
       9.956
      ],
      [
       76.34400000000001,
       9.956
      ],
      [
       76.34400000000001,
       9.947
      ]
     ]
    ]
   }
  },
  {
   "type": "Feature",
   "properties": {
    "ward_id": 16017,
    "name": "Zone 16-17",
    "heat_stress": 0.06719154578408379,
    "lst_anom": 0.4926194480387598,
    "people": 1868.9953635792072
   },
   "geometry": {
    "type": "Polygon",
    "coordinates": [
     [
      [
       76.35300000000001,
       9.947
      ],
      [
       76.36200000000001,
       9.947
      ],
      [
       76.36200000000001,
       9.956
      ],
      [
       76.35300000000001,
       9.956
      ],
      [
       76.35300000000001,
       9.947
      ]
     ]
    ]
   }
  },
  {
   "type": "Feature",
   "properties": {
    "ward_id": 16018,
    "name": "Zone 16-18",
    "heat_stress": 0.06988056659502818,
    "lst_anom": 0.7198974923953481,
    "people": 1747.130663213314
   },
   "geometry": {
    "type": "Polygon",
    "coordinates": [
     [
      [
       76.36200000000001,
       9.947
      ],
      [
       76.37100000000001,
       9.947
      ],
      [
       76.37100000000001,
       9.956
      ],
      [
       76.36200000000001,
       9.956
      ],
      [
       76.36200000000001,
       9.947
      ]
     ]
    ]
   }
  },
  {
   "type": "Feature",
   "properties": {
    "ward_id": 16019,
    "name": "Zone 16-19",
    "heat_stress": 0.07093465550245931,
    "lst_anom": 0.996197041509487,
    "people": 1646.9236394069367
   },
   "geometry": {
    "type": "Polygon",
    "coordinates": [
     [
      [
       76.371,
       9.947
      ],
      [
       76.38000000000001,
       9.947
      ],
      [
       76.38000000000001,
       9.956
      ],
      [
       76.371,
       9.956
      ],
      [
       76.371,
       9.947
      ]
     ]
    ]
   }
  },
  {
   "type": "Feature",
   "properties": {
    "ward_id": 16020,
    "name": "Zone 16-20",
    "heat_stress": 0.07962739864853666,
    "lst_anom": 1.315630709660527,
    "people": 1551.1462176298246
   },
   "geometry": {
    "type": "Polygon",
    "coordinates": [
     [
      [
       76.38,
       9.947
      ],
      [
       76.38900000000001,
       9.947
      ],
      [
       76.38900000000001,
       9.956
      ],
      [
       76.38,
       9.956
      ],
      [
       76.38,
       9.947
      ]
     ]
    ]
   }
  },
  {
   "type": "Feature",
   "properties": {
    "ward_id": 16021,
    "name": "Zone 16-21",
    "heat_stress": 0.09302937085201025,
    "lst_anom": 1.6245821557250708,
    "people": 1708.4144006645915
   },
   "geometry": {
    "type": "Polygon",
    "coordinates": [
     [
      [
       76.389,
       9.947
      ],
      [
       76.39800000000001,
       9.947
      ],
      [
       76.39800000000001,
       9.956
      ],
      [
       76.389,
       9.956
      ],
      [
       76.389,
       9.947
      ]
     ]
    ]
   }
  },
  {
   "type": "Feature",
   "properties": {
    "ward_id": 16022,
    "name": "Zone 16-22",
    "heat_stress": 0.08219030119303739,
    "lst_anom": 1.7366759839957449,
    "people": 281.3443100016945
   },
   "geometry": {
    "type": "Polygon",
    "coordinates": [
     [
      [
       76.398,
       9.947
      ],
      [
       76.3998,
       9.947
      ],
      [
       76.3998,
       9.956
      ],
      [
       76.398,
       9.956
      ],
      [
       76.398,
       9.947
      ]
     ]
    ]
   }
  },
  {
   "type": "Feature",
   "properties": {
    "ward_id": 17000,
    "name": "Zone 17-0",
    "heat_stress": 0.0,
    "lst_anom": -3.622162814296308,
    "people": 6.675176525013467
   },
   "geometry": {
    "type": "Polygon",
    "coordinates": [
     [
      [
       76.2,
       9.937999999999999
      ],
      [
       76.209,
       9.937999999999999
      ],
      [
       76.209,
       9.947000000000001
      ],
      [
       76.2,
       9.947000000000001
      ],
      [
       76.2,
       9.937999999999999
      ]
     ]
    ]
   }
  },
  {
   "type": "Feature",
   "properties": {
    "ward_id": 17001,
    "name": "Zone 17-1",
    "heat_stress": 0.0,
    "lst_anom": -3.4203694534484907,
    "people": 4.648352141828508
   },
   "geometry": {
    "type": "Polygon",
    "coordinates": [
     [
      [
       76.209,
       9.937999999999999
      ],
      [
       76.218,
       9.937999999999999
      ],
      [
       76.218,
       9.947000000000001
      ],
      [
       76.209,
       9.947000000000001
      ],
      [
       76.209,
       9.937999999999999
      ]
     ]
    ]
   }
  },
  {
   "type": "Feature",
   "properties": {
    "ward_id": 17002,
    "name": "Zone 17-2",
    "heat_stress": 0.0,
    "lst_anom": -3.477193438679745,
    "people": 3.6751461487888837
   },
   "geometry": {
    "type": "Polygon",
    "coordinates": [
     [
      [
       76.218,
       9.937999999999999
      ],
      [
       76.227,
       9.937999999999999
      ],
      [
       76.227,
       9.947000000000001
      ],
      [
       76.218,
       9.947000000000001
      ],
      [
       76.218,
       9.937999999999999
      ]
     ]
    ]
   }
  },
  {
   "type": "Feature",
   "properties": {
    "ward_id": 17003,
    "name": "Zone 17-3",
    "heat_stress": 0.0,
    "lst_anom": -3.3446639854194533,
    "people": 8.123454573564688
   },
   "geometry": {
    "type": "Polygon",
    "coordinates": [
     [
      [
       76.227,
       9.937999999999999
      ],
      [
       76.236,
       9.937999999999999
      ],
      [
       76.236,
       9.947000000000001
      ],
      [
       76.227,
       9.947000000000001
      ],
      [
       76.227,
       9.937999999999999
      ]
     ]
    ]
   }
  },
  {
   "type": "Feature",
   "properties": {
    "ward_id": 17004,
    "name": "Zone 17-4",
    "heat_stress": 0.0,
    "lst_anom": -3.4679804462624344,
    "people": 8.196970077663503
   },
   "geometry": {
    "type": "Polygon",
    "coordinates": [
     [
      [
       76.236,
       9.937999999999999
      ],
      [
       76.245,
       9.937999999999999
      ],
      [
       76.245,
       9.947000000000001
      ],
      [
       76.236,
       9.947000000000001
      ],
      [
       76.236,
       9.937999999999999
      ]
     ]
    ]
   }
  },
  {
   "type": "Feature",
   "properties": {
    "ward_id": 17005,
    "name": "Zone 17-5",
    "heat_stress": 0.0,
    "lst_anom": -3.525800114464241,
    "people": 3.7765249580304525
   },
   "geometry": {
    "type": "Polygon",
    "coordinates": [
     [
      [
       76.245,
       9.937999999999999
      ],
      [
       76.254,
       9.937999999999999
      ],
      [
       76.254,
       9.947000000000001
      ],
      [
       76.245,
       9.947000000000001
      ],
      [
       76.245,
       9.937999999999999
      ]
     ]
    ]
   }
  },
  {
   "type": "Feature",
   "properties": {
    "ward_id": 17006,
    "name": "Zone 17-6",
    "heat_stress": 0.0,
    "lst_anom": -3.2989046317996937,
    "people": 6.070825245699684
   },
   "geometry": {
    "type": "Polygon",
    "coordinates": [
     [
      [
       76.254,
       9.937999999999999
      ],
      [
       76.263,
       9.937999999999999
      ],
      [
       76.263,
       9.947000000000001
      ],
      [
       76.254,
       9.947000000000001
      ],
      [
       76.254,
       9.937999999999999
      ]
     ]
    ]
   }
  },
  {
   "type": "Feature",
   "properties": {
    "ward_id": 17007,
    "name": "Zone 17-7",
    "heat_stress": 0.0,
    "lst_anom": -2.246709834681208,
    "people": 20.313305566599443
   },
   "geometry": {
    "type": "Polygon",
    "coordinates": [
     [
      [
       76.263,
       9.937999999999999
      ],
      [
       76.272,
       9.937999999999999
      ],
      [
       76.272,
       9.947000000000001
      ],
      [
       76.263,
       9.947000000000001
      ],
      [
       76.263,
       9.937999999999999
      ]
     ]
    ]
   }
  },
  {
   "type": "Feature",
   "properties": {
    "ward_id": 17008,
    "name": "Zone 17-8",
    "heat_stress": 0.17152682788853527,
    "lst_anom": 1.0301679688534295,
    "people": 4645.040133126048
   },
   "geometry": {
    "type": "Polygon",
    "coordinates": [
     [
      [
       76.272,
       9.937999999999999
      ],
      [
       76.281,
       9.937999999999999
      ],
      [
       76.281,
       9.947000000000001
      ],
      [
       76.272,
       9.947000000000001
      ],
      [
       76.272,
       9.937999999999999
      ]
     ]
    ]
   }
  },
  {
   "type": "Feature",
   "properties": {
    "ward_id": 17009,
    "name": "Zone 17-9",
    "heat_stress": 0.15970294834380272,
    "lst_anom": 0.9246035705344009,
    "people": 5040.773119641958
   },
   "geometry": {
    "type": "Polygon",
    "coordinates": [
     [
      [
       76.281,
       9.937999999999999
      ],
      [
       76.29,
       9.937999999999999
      ],
      [
       76.29,
       9.947000000000001
      ],
      [
       76.281,
       9.947000000000001
      ],
      [
       76.281,
       9.937999999999999
      ]
     ]
    ]
   }
  },
  {
   "type": "Feature",
   "properties": {
    "ward_id": 17010,
    "name": "Zone 17-10",
    "heat_stress": 0.1477459448714611,
    "lst_anom": 0.6602742036291392,
    "people": 4677.8487758749525
   },
   "geometry": {
    "type": "Polygon",
    "coordinates": [
     [
      [
       76.29,
       9.937999999999999
      ],
      [
       76.299,
       9.937999999999999
      ],
      [
       76.299,
       9.947000000000001
      ],
      [
       76.29,
       9.947000000000001
      ],
      [
       76.29,
       9.937999999999999
      ]
     ]
    ]
   }
  },
  {
   "type": "Feature",
   "properties": {
    "ward_id": 17011,
    "name": "Zone 17-11",
    "heat_stress": 0.0891954771636202,
    "lst_anom": -0.018587745264571007,
    "people": 3589.672407530942
   },
   "geometry": {
    "type": "Polygon",
    "coordinates": [
     [
      [
       76.299,
       9.937999999999999
      ],
      [
       76.308,
       9.937999999999999
      ],
      [
       76.308,
       9.947000000000001
      ],
      [
       76.299,
       9.947000000000001
      ],
      [
       76.299,
       9.937999999999999
      ]
     ]
    ]
   }
  },
  {
   "type": "Feature",
   "properties": {
    "ward_id": 17012,
    "name": "Zone 17-12",
    "heat_stress": 0.05965191033899037,
    "lst_anom": -0.45453044692528455,
    "people": 3023.768134963088
   },
   "geometry": {
    "type": "Polygon",
    "coordinates": [
     [
      [
       76.308,
       9.937999999999999
      ],
      [
       76.31700000000001,
       9.937999999999999
      ],
      [
       76.31700000000001,
       9.947000000000001
      ],
      [
       76.308,
       9.947000000000001
      ],
      [
       76.308,
       9.937999999999999
      ]
     ]
    ]
   }
  },
  {
   "type": "Feature",
   "properties": {
    "ward_id": 17013,
    "name": "Zone 17-13",
    "heat_stress": 0.03621310001537233,
    "lst_anom": -0.8517580800753318,
    "people": 2122.9965313051025
   },
   "geometry": {
    "type": "Polygon",
    "coordinates": [
     [
      [
       76.31700000000001,
       9.937999999999999
      ],
      [
       76.32600000000001,
       9.937999999999999
      ],
      [
       76.32600000000001,
       9.947000000000001
      ],
      [
       76.31700000000001,
       9.947000000000001
      ],
      [
       76.31700000000001,
       9.937999999999999
      ]
     ]
    ]
   }
  },
  {
   "type": "Feature",
   "properties": {
    "ward_id": 17014,
    "name": "Zone 17-14",
    "heat_stress": 0.04618083900981936,
    "lst_anom": -0.587790502458366,
    "people": 2009.9893692228172
   },
   "geometry": {
    "type": "Polygon",
    "coordinates": [
     [
      [
       76.32600000000001,
       9.937999999999999
      ],
      [
       76.33500000000001,
       9.937999999999999
      ],
      [
       76.33500000000001,
       9.947000000000001
      ],
      [
       76.32600000000001,
       9.947000000000001
      ],
      [
       76.32600000000001,
       9.937999999999999
      ]
     ]
    ]
   }
  },
  {
   "type": "Feature",
   "properties": {
    "ward_id": 17015,
    "name": "Zone 17-15",
    "heat_stress": 0.05325377691127306,
    "lst_anom": -0.27457124450772524,
    "people": 1993.5768392143045
   },
   "geometry": {
    "type": "Polygon",
    "coordinates": [
     [
      [
       76.33500000000001,
       9.937999999999999
      ],
      [
       76.34400000000001,
       9.937999999999999
      ],
      [
       76.34400000000001,
       9.947000000000001
      ],
      [
       76.33500000000001,
       9.947000000000001
      ],
      [
       76.33500000000001,
       9.937999999999999
      ]
     ]
    ]
   }
  },
  {
   "type": "Feature",
   "properties": {
    "ward_id": 17016,
    "name": "Zone 17-16",
    "heat_stress": 0.043351277887200106,
    "lst_anom": -0.3071467527117985,
    "people": 1625.4847174424162
   },
   "geometry": {
    "type": "Polygon",
    "coordinates": [
     [
      [
       76.34400000000001,
       9.937999999999999
      ],
      [
       76.35300000000001,
       9.937999999999999
      ],
      [
       76.35300000000001,
       9.947000000000001
      ],
      [
       76.34400000000001,
       9.947000000000001
      ],
      [
       76.34400000000001,
       9.937999999999999
      ]
     ]
    ]
   }
  },
  {
   "type": "Feature",
   "properties": {
    "ward_id": 17017,
    "name": "Zone 17-17",
    "heat_stress": 0.05187197396861806,
    "lst_anom": 0.18069081595163045,
    "people": 1684.2203602265179
   },
   "geometry": {
    "type": "Polygon",
    "coordinates": [
     [
      [
       76.35300000000001,
       9.937999999999999
      ],
      [
       76.36200000000001,
       9.937999999999999
      ],
      [
       76.36200000000001,
       9.947000000000001
      ],
      [
       76.35300000000001,
       9.947000000000001
      ],
      [
       76.35300000000001,
       9.937999999999999
      ]
     ]
    ]
   }
  },
  {
   "type": "Feature",
   "properties": {
    "ward_id": 17018,
    "name": "Zone 17-18",
    "heat_stress": 0.06615236785860693,
    "lst_anom": 0.6092112971109881,
    "people": 1732.3665230092531
   },
   "geometry": {
    "type": "Polygon",
    "coordinates": [
     [
      [
       76.36200000000001,
       9.937999999999999
      ],
      [
       76.37100000000001,
       9.937999999999999
      ],
      [
       76.37100000000001,
       9.947000000000001
      ],
      [
       76.36200000000001,
       9.947000000000001
      ],
      [
       76.36200000000001,
       9.937999999999999
      ]
     ]
    ]
   }
  },
  {
   "type": "Feature",
   "properties": {
    "ward_id": 17019,
    "name": "Zone 17-19",
    "heat_stress": 0.0659173792846668,
    "lst_anom": 0.777945278639512,
    "people": 1744.258255102336
   },
   "geometry": {
    "type": "Polygon",
    "coordinates": [
     [
      [
       76.371,
       9.937999999999999
      ],
      [
       76.38000000000001,
       9.937999999999999
      ],
      [
       76.38000000000001,
       9.947000000000001
      ],
      [
       76.371,
       9.947000000000001
      ],
      [
       76.371,
       9.937999999999999
      ]
     ]
    ]
   }
  },
  {
   "type": "Feature",
   "properties": {
    "ward_id": 17020,
    "name": "Zone 17-20",
    "heat_stress": 0.08431487392672793,
    "lst_anom": 1.2012342388156638,
    "people": 1744.785880734945
   },
   "geometry": {
    "type": "Polygon",
    "coordinates": [
     [
      [
       76.38,
       9.937999999999999
      ],
      [
       76.38900000000001,
       9.937999999999999
      ],
      [
       76.38900000000001,
       9.947000000000001
      ],
      [
       76.38,
       9.947000000000001
      ],
      [
       76.38,
       9.937999999999999
      ]
     ]
    ]
   }
  },
  {
   "type": "Feature",
   "properties": {
    "ward_id": 17021,
    "name": "Zone 17-21",
    "heat_stress": 0.09616170606206431,
    "lst_anom": 1.5730649442467817,
    "people": 1925.0129586593491
   },
   "geometry": {
    "type": "Polygon",
    "coordinates": [
     [
      [
       76.389,
       9.937999999999999
      ],
      [
       76.39800000000001,
       9.937999999999999
      ],
      [
       76.39800000000001,
       9.947000000000001
      ],
      [
       76.389,
       9.947000000000001
      ],
      [
       76.389,
       9.937999999999999
      ]
     ]
    ]
   }
  },
  {
   "type": "Feature",
   "properties": {
    "ward_id": 17022,
    "name": "Zone 17-22",
    "heat_stress": 0.0686085844127186,
    "lst_anom": 1.599485984573013,
    "people": 302.5317635984853
   },
   "geometry": {
    "type": "Polygon",
    "coordinates": [
     [
      [
       76.398,
       9.937999999999999
      ],
      [
       76.3998,
       9.937999999999999
      ],
      [
       76.3998,
       9.947000000000001
      ],
      [
       76.398,
       9.947000000000001
      ],
      [
       76.398,
       9.937999999999999
      ]
     ]
    ]
   }
  },
  {
   "type": "Feature",
   "properties": {
    "ward_id": 18000,
    "name": "Zone 18-0",
    "heat_stress": 0.0,
    "lst_anom": -3.4346716230317424,
    "people": 4.8700418663590685
   },
   "geometry": {
    "type": "Polygon",
    "coordinates": [
     [
      [
       76.2,
       9.928999999999998
      ],
      [
       76.209,
       9.928999999999998
      ],
      [
       76.209,
       9.938
      ],
      [
       76.2,
       9.938
      ],
      [
       76.2,
       9.928999999999998
      ]
     ]
    ]
   }
  },
  {
   "type": "Feature",
   "properties": {
    "ward_id": 18001,
    "name": "Zone 18-1",
    "heat_stress": 0.0,
    "lst_anom": -3.697568863520791,
    "people": 3.6100129771849145
   },
   "geometry": {
    "type": "Polygon",
    "coordinates": [
     [
      [
       76.209,
       9.928999999999998
      ],
      [
       76.218,
       9.928999999999998
      ],
      [
       76.218,
       9.938
      ],
      [
       76.209,
       9.938
      ],
      [
       76.209,
       9.928999999999998
      ]
     ]
    ]
   }
  },
  {
   "type": "Feature",
   "properties": {
    "ward_id": 18002,
    "name": "Zone 18-2",
    "heat_stress": 0.0,
    "lst_anom": -3.668202235310877,
    "people": 3.4766424394518025
   },
   "geometry": {
    "type": "Polygon",
    "coordinates": [
     [
      [
       76.218,
       9.928999999999998
      ],
      [
       76.227,
       9.928999999999998
      ],
      [
       76.227,
       9.938
      ],
      [
       76.218,
       9.938
      ],
      [
       76.218,
       9.928999999999998
      ]
     ]
    ]
   }
  },
  {
   "type": "Feature",
   "properties": {
    "ward_id": 18003,
    "name": "Zone 18-3",
    "heat_stress": 0.0,
    "lst_anom": -3.6387874738936077,
    "people": 5.966688715311563
   },
   "geometry": {
    "type": "Polygon",
    "coordinates": [
     [
      [
       76.227,
       9.928999999999998
      ],
      [
       76.236,
       9.928999999999998
      ],
      [
       76.236,
       9.938
      ],
      [
       76.227,
       9.938
      ],
      [
       76.227,
       9.928999999999998
      ]
     ]
    ]
   }
  },
  {
   "type": "Feature",
   "properties": {
    "ward_id": 18004,
    "name": "Zone 18-4",
    "heat_stress": 0.0,
    "lst_anom": -3.4097485161563332,
    "people": 5.172128918616048
   },
   "geometry": {
    "type": "Polygon",
    "coordinates": [
     [
      [
       76.236,
       9.928999999999998
      ],
      [
       76.245,
       9.928999999999998
      ],
      [
       76.245,
       9.938
      ],
      [
       76.236,
       9.938
      ],
      [
       76.236,
       9.928999999999998
      ]
     ]
    ]
   }
  },
  {
   "type": "Feature",
   "properties": {
    "ward_id": 18005,
    "name": "Zone 18-5",
    "heat_stress": 0.0,
    "lst_anom": -3.4698029987350445,
    "people": 3.3754481565074106
   },
   "geometry": {
    "type": "Polygon",
    "coordinates": [
     [
      [
       76.245,
       9.928999999999998
      ],
      [
       76.254,
       9.928999999999998
      ],
      [
       76.254,
       9.938
      ],
      [
       76.245,
       9.938
      ],
      [
       76.245,
       9.928999999999998
      ]
     ]
    ]
   }
  },
  {
   "type": "Feature",
   "properties": {
    "ward_id": 18006,
    "name": "Zone 18-6",
    "heat_stress": 0.0,
    "lst_anom": -3.524750749619704,
    "people": 6.047320964224694
   },
   "geometry": {
    "type": "Polygon",
    "coordinates": [
     [
      [
       76.254,
       9.928999999999998
      ],
      [
       76.263,
       9.928999999999998
      ],
      [
       76.263,
       9.938
      ],
      [
       76.254,
       9.938
      ],
      [
       76.254,
       9.928999999999998
      ]
     ]
    ]
   }
  },
  {
   "type": "Feature",
   "properties": {
    "ward_id": 18007,
    "name": "Zone 18-7",
    "heat_stress": 0.00023131243091121975,
    "lst_anom": -2.396282355840192,
    "people": 33.07131591520442
   },
   "geometry": {
    "type": "Polygon",
    "coordinates": [
     [
      [
       76.263,
       9.928999999999998
      ],
      [
       76.272,
       9.928999999999998
      ],
      [
       76.272,
       9.938
      ],
      [
       76.263,
       9.938
      ],
      [
       76.263,
       9.928999999999998
      ]
     ]
    ]
   }
  },
  {
   "type": "Feature",
   "properties": {
    "ward_id": 18008,
    "name": "Zone 18-8",
    "heat_stress": 0.04862359703121746,
    "lst_anom": -0.6234809148532061,
    "people": 2460.0979100860477
   },
   "geometry": {
    "type": "Polygon",
    "coordinates": [
     [
      [
       76.272,
       9.928999999999998
      ],
      [
       76.281,
       9.928999999999998
      ],
      [
       76.281,
       9.938
      ],
      [
       76.272,
       9.938
      ],
      [
       76.272,
       9.928999999999998
      ]
     ]
    ]
   }
  },
  {
   "type": "Feature",
   "properties": {
    "ward_id": 18009,
    "name": "Zone 18-9",
    "heat_stress": 0.0493135849010241,
    "lst_anom": -0.7314924021097087,
    "people": 2459.2870622736887
   },
   "geometry": {
    "type": "Polygon",
    "coordinates": [
     [
      [
       76.281,
       9.928999999999998
      ],
      [
       76.29,
       9.928999999999998
      ],
      [
       76.29,
       9.938
      ],
      [
       76.281,
       9.938
      ],
      [
       76.281,
       9.928999999999998
      ]
     ]
    ]
   }
  },
  {
   "type": "Feature",
   "properties": {
    "ward_id": 18010,
    "name": "Zone 18-10",
    "heat_stress": 0.03529508419902296,
    "lst_anom": -1.062808252371916,
    "people": 347.3346247720333
   },
   "geometry": {
    "type": "Polygon",
    "coordinates": [
     [
      [
       76.29,
       9.928999999999998
      ],
      [
       76.299,
       9.928999999999998
      ],
      [
       76.299,
       9.938
      ],
      [
       76.29,
       9.938
      ],
      [
       76.29,
       9.928999999999998
      ]
     ]
    ]
   }
  },
  {
   "type": "Feature",
   "properties": {
    "ward_id": 18011,
    "name": "Zone 18-11",
    "heat_stress": 0.0030572246252420937,
    "lst_anom": -1.961921678649269,
    "people": 137.25082553190092
   },
   "geometry": {
    "type": "Polygon",
    "coordinates": [
     [
      [
       76.299,
       9.928999999999998
      ],
      [
       76.308,
       9.928999999999998
      ],
      [
       76.308,
       9.938
      ],
      [
       76.299,
       9.938
      ],
      [
       76.299,
       9.928999999999998
      ]
     ]
    ]
   }
  },
  {
   "type": "Feature",
   "properties": {
    "ward_id": 18012,
    "name": "Zone 18-12",
    "heat_stress": 0.013507754659182124,
    "lst_anom": -1.6616118051089483,
    "people": 1249.5903499581418
   },
   "geometry": {
    "type": "Polygon",
    "coordinates": [
     [
      [
       76.308,
       9.928999999999998
      ],
      [
       76.31700000000001,
       9.928999999999998
      ],
      [
       76.31700000000001,
       9.938
      ],
      [
       76.308,
       9.938
      ],
      [
       76.308,
       9.928999999999998
      ]
     ]
    ]
   }
  },
  {
   "type": "Feature",
   "properties": {
    "ward_id": 18013,
    "name": "Zone 18-13",
    "heat_stress": 0.031673692446949266,
    "lst_anom": -1.1181122388418854,
    "people": 2086.567013995053
   },
   "geometry": {
    "type": "Polygon",
    "coordinates": [
     [
      [
       76.31700000000001,
       9.928999999999998
      ],
      [
       76.32600000000001,
       9.928999999999998
      ],
      [
       76.32600000000001,
       9.938
      ],
      [
       76.31700000000001,
       9.938
      ],
      [
       76.31700000000001,
       9.928999999999998
      ]
     ]
    ]
   }
  },
  {
   "type": "Feature",
   "properties": {
    "ward_id": 18014,
    "name": "Zone 18-14",
    "heat_stress": 0.03214070997141935,
    "lst_anom": -0.8299522894786986,
    "people": 1790.9129532407098
   },
   "geometry": {
    "type": "Polygon",
    "coordinates": [
     [
      [
       76.32600000000001,
       9.928999999999998
      ],
      [
       76.33500000000001,
       9.928999999999998
      ],
      [
       76.33500000000001,
       9.938
      ],
      [
       76.32600000000001,
       9.938
      ],
      [
       76.32600000000001,
       9.928999999999998
      ]
     ]
    ]
   }
  },
  {
   "type": "Feature",
   "properties": {
    "ward_id": 18015,
    "name": "Zone 18-15",
    "heat_stress": 0.032476488550438116,
    "lst_anom": -0.666789712960708,
    "people": 1879.4006551978023
   },
   "geometry": {
    "type": "Polygon",
    "coordinates": [
     [
      [
       76.33500000000001,
       9.928999999999998
      ],
      [
       76.34400000000001,
       9.928999999999998
      ],
      [
       76.34400000000001,
       9.938
      ],
      [
       76.33500000000001,
       9.938
      ],
      [
       76.33500000000001,
       9.928999999999998
      ]
     ]
    ]
   }
  },
  {
   "type": "Feature",
   "properties": {
    "ward_id": 18016,
    "name": "Zone 18-16",
    "heat_stress": 0.04348998212702384,
    "lst_anom": -0.3052051558233034,
    "people": 1704.2361012560232
   },
   "geometry": {
    "type": "Polygon",
    "coordinates": [
     [
      [
       76.34400000000001,
       9.928999999999998
      ],
      [
       76.35300000000001,
       9.928999999999998
      ],
      [
       76.35300000000001,
       9.938
      ],
      [
       76.34400000000001,
       9.938
      ],
      [
       76.34400000000001,
       9.928999999999998
      ]
     ]
    ]
   }
  },
  {
   "type": "Feature",
   "properties": {
    "ward_id": 18017,
    "name": "Zone 18-17",
    "heat_stress": 0.047219238020408005,
    "lst_anom": -0.027642314307789597,
    "people": 1588.5373063006286
   },
   "geometry": {
    "type": "Polygon",
    "coordinates": [
     [
      [
       76.35300000000001,
       9.928999999999998
      ],
      [
       76.36200000000001,
       9.928999999999998
      ],
      [
       76.36200000000001,
       9.938
      ],
      [
       76.35300000000001,
       9.938
      ],
      [
       76.35300000000001,
       9.928999999999998
      ]
     ]
    ]
   }
  },
  {
   "type": "Feature",
   "properties": {
    "ward_id": 18018,
    "name": "Zone 18-18",
    "heat_stress": 0.06875839540770902,
    "lst_anom": 0.5582148082156125,
    "people": 1712.513441117846
   },
   "geometry": {
    "type": "Polygon",
    "coordinates": [
     [
      [
       76.36200000000001,
       9.928999999999998
      ],
      [
       76.37100000000001,
       9.928999999999998
      ],
      [
       76.37100000000001,
       9.938
      ],
      [
       76.36200000000001,
       9.938
      ],
      [
       76.36200000000001,
       9.928999999999998
      ]
     ]
    ]
   }
  },
  {
   "type": "Feature",
   "properties": {
    "ward_id": 18019,
    "name": "Zone 18-19",
    "heat_stress": 0.0680182107727694,
    "lst_anom": 0.7300817045518703,
    "people": 1775.536681175684
   },
   "geometry": {
    "type": "Polygon",
    "coordinates": [
     [
      [
       76.371,
       9.928999999999998
      ],
      [
       76.38000000000001,
       9.928999999999998
      ],
      [
       76.38000000000001,
       9.938
      ],
      [
       76.371,
       9.938
      ],
      [
       76.371,
       9.928999999999998
      ]
     ]
    ]
   }
  },
  {
   "type": "Feature",
   "properties": {
    "ward_id": 18020,
    "name": "Zone 18-20",
    "heat_stress": 0.08523642022654297,
    "lst_anom": 1.115296949276377,
    "people": 1719.5802371135721
   },
   "geometry": {
    "type": "Polygon",
    "coordinates": [
     [
      [
       76.38,
       9.928999999999998
      ],
      [
       76.38900000000001,
       9.928999999999998
      ],
      [
       76.38900000000001,
       9.938
      ],
      [
       76.38,
       9.938
      ],
      [
       76.38,
       9.928999999999998
      ]
     ]
    ]
   }
  },
  {
   "type": "Feature",
   "properties": {
    "ward_id": 18021,
    "name": "Zone 18-21",
    "heat_stress": 0.07657718467784584,
    "lst_anom": 1.3244867464733345,
    "people": 1652.586711443482
   },
   "geometry": {
    "type": "Polygon",
    "coordinates": [
     [
      [
       76.389,
       9.928999999999998
      ],
      [
       76.39800000000001,
       9.928999999999998
      ],
      [
       76.39800000000001,
       9.938
      ],
      [
       76.389,
       9.938
      ],
      [
       76.389,
       9.928999999999998
      ]
     ]
    ]
   }
  },
  {
   "type": "Feature",
   "properties": {
    "ward_id": 18022,
    "name": "Zone 18-22",
    "heat_stress": 0.06589298534958764,
    "lst_anom": 1.193361288071393,
    "people": 276.0758704915149
   },
   "geometry": {
    "type": "Polygon",
    "coordinates": [
     [
      [
       76.398,
       9.928999999999998
      ],
      [
       76.3998,
       9.928999999999998
      ],
      [
       76.3998,
       9.938
      ],
      [
       76.398,
       9.938
      ],
      [
       76.398,
       9.928999999999998
      ]
     ]
    ]
   }
  },
  {
   "type": "Feature",
   "properties": {
    "ward_id": 19000,
    "name": "Zone 19-0",
    "heat_stress": 0.0,
    "lst_anom": -3.343993376290813,
    "people": 3.8367055849071443
   },
   "geometry": {
    "type": "Polygon",
    "coordinates": [
     [
      [
       76.2,
       9.919999999999998
      ],
      [
       76.209,
       9.919999999999998
      ],
      [
       76.209,
       9.929
      ],
      [
       76.2,
       9.929
      ],
      [
       76.2,
       9.919999999999998
      ]
     ]
    ]
   }
  },
  {
   "type": "Feature",
   "properties": {
    "ward_id": 19001,
    "name": "Zone 19-1",
    "heat_stress": 0.0,
    "lst_anom": -3.438048704951551,
    "people": 5.916488530942287
   },
   "geometry": {
    "type": "Polygon",
    "coordinates": [
     [
      [
       76.209,
       9.919999999999998
      ],
      [
       76.218,
       9.919999999999998
      ],
      [
       76.218,
       9.929
      ],
      [
       76.209,
       9.929
      ],
      [
       76.209,
       9.919999999999998
      ]
     ]
    ]
   }
  },
  {
   "type": "Feature",
   "properties": {
    "ward_id": 19002,
    "name": "Zone 19-2",
    "heat_stress": 0.0,
    "lst_anom": -3.6107933771481724,
    "people": 4.24029832149288
   },
   "geometry": {
    "type": "Polygon",
    "coordinates": [
     [
      [
       76.218,
       9.919999999999998
      ],
      [
       76.227,
       9.919999999999998
      ],
      [
       76.227,
       9.929
      ],
      [
       76.218,
       9.929
      ],
      [
       76.218,
       9.919999999999998
      ]
     ]
    ]
   }
  },
  {
   "type": "Feature",
   "properties": {
    "ward_id": 19003,
    "name": "Zone 19-3",
    "heat_stress": 0.0,
    "lst_anom": -3.544472355064857,
    "people": 6.677243878928866
   },
   "geometry": {
    "type": "Polygon",
    "coordinates": [
     [
      [
       76.227,
       9.919999999999998
      ],
      [
       76.236,
       9.919999999999998
      ],
      [
       76.236,
       9.929
      ],
      [
       76.227,
       9.929
      ],
      [
       76.227,
       9.919999999999998
      ]
     ]
    ]
   }
  },
  {
   "type": "Feature",
   "properties": {
    "ward_id": 19004,
    "name": "Zone 19-4",
    "heat_stress": 0.0,
    "lst_anom": -3.3472585063392333,
    "people": 3.2760546120696654
   },
   "geometry": {
    "type": "Polygon",
    "coordinates": [
     [
      [
       76.236,
       9.919999999999998
      ],
      [
       76.245,
       9.919999999999998
      ],
      [
       76.245,
       9.929
      ],
      [
       76.236,
       9.929
      ],
      [
       76.236,
       9.919999999999998
      ]
     ]
    ]
   }
  },
  {
   "type": "Feature",
   "properties": {
    "ward_id": 19005,
    "name": "Zone 19-5",
    "heat_stress": 0.0,
    "lst_anom": -3.4762522026074785,
    "people": 7.395452776822662
   },
   "geometry": {
    "type": "Polygon",
    "coordinates": [
     [
      [
       76.245,
       9.919999999999998
      ],
      [
       76.254,
       9.919999999999998
      ],
      [
       76.254,
       9.929
      ],
      [
       76.245,
       9.929
      ],
      [
       76.245,
       9.919999999999998
      ]
     ]
    ]
   }
  },
  {
   "type": "Feature",
   "properties": {
    "ward_id": 19006,
    "name": "Zone 19-6",
    "heat_stress": 0.0,
    "lst_anom": -3.47130968569948,
    "people": 6.372196589266554
   },
   "geometry": {
    "type": "Polygon",
    "coordinates": [
     [
      [
       76.254,
       9.919999999999998
      ],
      [
       76.263,
       9.919999999999998
      ],
      [
       76.263,
       9.929
      ],
      [
       76.254,
       9.929
      ],
      [
       76.254,
       9.919999999999998
      ]
     ]
    ]
   }
  },
  {
   "type": "Feature",
   "properties": {
    "ward_id": 19007,
    "name": "Zone 19-7",
    "heat_stress": 0.01415776422753039,
    "lst_anom": -1.7179613960064022,
    "people": 251.26040226719934
   },
   "geometry": {
    "type": "Polygon",
    "coordinates": [
     [
      [
       76.263,
       9.919999999999998
      ],
      [
       76.272,
       9.919999999999998
      ],
      [
       76.272,
       9.929
      ],
      [
       76.263,
       9.929
      ],
      [
       76.263,
       9.919999999999998
      ]
     ]
    ]
   }
  },
  {
   "type": "Feature",
   "properties": {
    "ward_id": 19008,
    "name": "Zone 19-8",
    "heat_stress": 0.02760924012745079,
    "lst_anom": -1.1326961864461373,
    "people": 1994.845441602829
   },
   "geometry": {
    "type": "Polygon",
    "coordinates": [
     [
      [
       76.272,
       9.919999999999998
      ],
      [
       76.281,
       9.919999999999998
      ],
      [
       76.281,
       9.929
      ],
      [
       76.272,
       9.929
      ],
      [
       76.272,
       9.919999999999998
      ]
     ]
    ]
   }
  },
  {
   "type": "Feature",
   "properties": {
    "ward_id": 19009,
    "name": "Zone 19-9",
    "heat_stress": 0.024927183191819913,
    "lst_anom": -1.3532967491440595,
    "people": 1275.3208639609634
   },
   "geometry": {
    "type": "Polygon",
    "coordinates": [
     [
      [
       76.281,
       9.919999999999998
      ],
      [
       76.29,
       9.919999999999998
      ],
      [
       76.29,
       9.929
      ],
      [
       76.281,
       9.929
      ],
      [
       76.281,
       9.919999999999998
      ]
     ]
    ]
   }
  },
  {
   "type": "Feature",
   "properties": {
    "ward_id": 19010,
    "name": "Zone 19-10",
    "heat_stress": 0.0,
    "lst_anom": -3.566221956995102,
    "people": 6.928453728081966
   },
   "geometry": {
    "type": "Polygon",
    "coordinates": [
     [
      [
       76.29,
       9.919999999999998
      ],
      [
       76.299,
       9.919999999999998
      ],
      [
       76.299,
       9.929
      ],
      [
       76.29,
       9.929
      ],
      [
       76.29,
       9.919999999999998
      ]
     ]
    ]
   }
  },
  {
   "type": "Feature",
   "properties": {
    "ward_id": 19011,
    "name": "Zone 19-11",
    "heat_stress": 0.0,
    "lst_anom": -3.591959308951846,
    "people": 4.846288664583541
   },
   "geometry": {
    "type": "Polygon",
    "coordinates": [
     [
      [
       76.299,
       9.919999999999998
      ],
      [
       76.308,
       9.919999999999998
      ],
      [
       76.308,
       9.929
      ],
      [
       76.299,
       9.929
      ],
      [
       76.299,
       9.919999999999998
      ]
     ]
    ]
   }
  },
  {
   "type": "Feature",
   "properties": {
    "ward_id": 19012,
    "name": "Zone 19-12",
    "heat_stress": 0.015861461319603122,
    "lst_anom": -1.5578750307818825,
    "people": 656.660688735979
   },
   "geometry": {
    "type": "Polygon",
    "coordinates": [
     [
      [
       76.308,
       9.919999999999998
      ],
      [
       76.31700000000001,
       9.919999999999998
      ],
      [
       76.31700000000001,
       9.929
      ],
      [
       76.308,
       9.929
      ],
      [
       76.308,
       9.919999999999998
      ]
     ]
    ]
   }
  },
  {
   "type": "Feature",
   "properties": {
    "ward_id": 19013,
    "name": "Zone 19-13",
    "heat_stress": 0.028133011489432435,
    "lst_anom": -1.06462905583651,
    "people": 2021.2183470523992
   },
   "geometry": {
    "type": "Polygon",
    "coordinates": [
     [
      [
       76.31700000000001,
       9.919999999999998
      ],
      [
       76.32600000000001,
       9.919999999999998
      ],
      [
       76.32600000000001,
       9.929
      ],
      [
       76.31700000000001,
       9.929
      ],
      [
       76.31700000000001,
       9.919999999999998
      ]
     ]
    ]
   }
  },
  {
   "type": "Feature",
   "properties": {
    "ward_id": 19014,
    "name": "Zone 19-14",
    "heat_stress": 0.028540513897653563,
    "lst_anom": -0.8874617354713842,
    "people": 1703.0247380230392
   },
   "geometry": {
    "type": "Polygon",
    "coordinates": [
     [
      [
       76.32600000000001,
       9.919999999999998
      ],
      [
       76.33500000000001,
       9.919999999999998
      ],
      [
       76.33500000000001,
       9.929
      ],
      [
       76.32600000000001,
       9.929
      ],
      [
       76.32600000000001,
       9.919999999999998
      ]
     ]
    ]
   }
  },
  {
   "type": "Feature",
   "properties": {
    "ward_id": 19015,
    "name": "Zone 19-15",
    "heat_stress": 0.04094603404785892,
    "lst_anom": -0.4696226727481326,
    "people": 1676.6538147511756
   },
   "geometry": {
    "type": "Polygon",
    "coordinates": [
     [
      [
       76.33500000000001,
       9.919999999999998
      ],
      [
       76.34400000000001,
       9.919999999999998
      ],
      [
       76.34400000000001,
       9.929
      ],
      [
       76.33500000000001,
       9.929
      ],
      [
       76.33500000000001,
       9.919999999999998
      ]
     ]
    ]
   }
  },
  {
   "type": "Feature",
   "properties": {
    "ward_id": 19016,
    "name": "Zone 19-16",
    "heat_stress": 0.05389537761303691,
    "lst_anom": -0.18888826845226003,
    "people": 1746.856281847138
   },
   "geometry": {
    "type": "Polygon",
    "coordinates": [
     [
      [
       76.34400000000001,
       9.919999999999998
      ],
      [
       76.35300000000001,
       9.919999999999998
      ],
      [
       76.35300000000001,
       9.929
      ],
      [
       76.34400000000001,
       9.929
      ],
      [
       76.34400000000001,
       9.919999999999998
      ]
     ]
    ]
   }
  },
  {
   "type": "Feature",
   "properties": {
    "ward_id": 19017,
    "name": "Zone 19-17",
    "heat_stress": 0.04496288871530912,
    "lst_anom": -0.003260354762886109,
    "people": 1374.3335139665453
   },
   "geometry": {
    "type": "Polygon",
    "coordinates": [
     [
      [
       76.35300000000001,
       9.919999999999998
      ],
      [
       76.36200000000001,
       9.919999999999998
      ],
      [
       76.36200000000001,
       9.929
      ],
      [
       76.35300000000001,
       9.929
      ],
      [
       76.35300000000001,
       9.919999999999998
      ]
     ]
    ]
   }
  },
  {
   "type": "Feature",
   "properties": {
    "ward_id": 19018,
    "name": "Zone 19-18",
    "heat_stress": 0.06379159598745521,
    "lst_anom": 0.4974862284611294,
    "people": 1658.8594242523889
   },
   "geometry": {
    "type": "Polygon",
    "coordinates": [
     [
      [
       76.36200000000001,
       9.919999999999998
      ],
      [
       76.37100000000001,
       9.919999999999998
      ],
      [
       76.37100000000001,
       9.929
      ],
      [
       76.36200000000001,
       9.929
      ],
      [
       76.36200000000001,
       9.919999999999998
      ]
     ]
    ]
   }
  },
  {
   "type": "Feature",
   "properties": {
    "ward_id": 19019,
    "name": "Zone 19-19",
    "heat_stress": 0.06243350259833842,
    "lst_anom": 0.5395727541544203,
    "people": 1688.2504615962068
   },
   "geometry": {
    "type": "Polygon",
    "coordinates": [
     [
      [
       76.371,
       9.919999999999998
      ],
      [
       76.38000000000001,
       9.919999999999998
      ],
      [
       76.38000000000001,
       9.929
      ],
      [
       76.371,
       9.929
      ],
      [
       76.371,
       9.919999999999998
      ]
     ]
    ]
   }
  },
  {
   "type": "Feature",
   "properties": {
    "ward_id": 19020,
    "name": "Zone 19-20",
    "heat_stress": 0.07762718096364679,
    "lst_anom": 1.1647476530589191,
    "people": 1677.5510125408352
   },
   "geometry": {
    "type": "Polygon",
    "coordinates": [
     [
      [
       76.38,
       9.919999999999998
      ],
      [
       76.38900000000001,
       9.919999999999998
      ],
      [
       76.38900000000001,
       9.929
      ],
      [
       76.38,
       9.929
      ],
      [
       76.38,
       9.919999999999998
      ]
     ]
    ]
   }
  },
  {
   "type": "Feature",
   "properties": {
    "ward_id": 19021,
    "name": "Zone 19-21",
    "heat_stress": 0.07834036826569621,
    "lst_anom": 1.2567974730238818,
    "people": 1720.437582998458
   },
   "geometry": {
    "type": "Polygon",
    "coordinates": [
     [
      [
       76.389,
       9.919999999999998
      ],
      [
       76.39800000000001,
       9.919999999999998
      ],
      [
       76.39800000000001,
       9.929
      ],
      [
       76.389,
       9.929
      ],
      [
       76.389,
       9.919999999999998
      ]
     ]
    ]
   }
  },
  {
   "type": "Feature",
   "properties": {
    "ward_id": 19022,
    "name": "Zone 19-22",
    "heat_stress": 0.10690913601527156,
    "lst_anom": 1.7078882262039492,
    "people": 406.3874294378486
   },
   "geometry": {
    "type": "Polygon",
    "coordinates": [
     [
      [
       76.398,
       9.919999999999998
      ],
      [
       76.3998,
       9.919999999999998
      ],
      [
       76.3998,
       9.929
      ],
      [
       76.398,
       9.929
      ],
      [
       76.398,
       9.919999999999998
      ]
     ]
    ]
   }
  },
  {
   "type": "Feature",
   "properties": {
    "ward_id": 20000,
    "name": "Zone 20-0",
    "heat_stress": 0.0,
    "lst_anom": -3.4400527039047657,
    "people": 7.0922529196743
   },
   "geometry": {
    "type": "Polygon",
    "coordinates": [
     [
      [
       76.2,
       9.911
      ],
      [
       76.209,
       9.911
      ],
      [
       76.209,
       9.92
      ],
      [
       76.2,
       9.92
      ],
      [
       76.2,
       9.911
      ]
     ]
    ]
   }
  },
  {
   "type": "Feature",
   "properties": {
    "ward_id": 20001,
    "name": "Zone 20-1",
    "heat_stress": 0.0,
    "lst_anom": -3.573407501698941,
    "people": 3.343530398606826
   },
   "geometry": {
    "type": "Polygon",
    "coordinates": [
     [
      [
       76.209,
       9.911
      ],
      [
       76.218,
       9.911
      ],
      [
       76.218,
       9.92
      ],
      [
       76.209,
       9.92
      ],
      [
       76.209,
       9.911
      ]
     ]
    ]
   }
  },
  {
   "type": "Feature",
   "properties": {
    "ward_id": 20002,
    "name": "Zone 20-2",
    "heat_stress": 0.0,
    "lst_anom": -3.5471570508225616,
    "people": 3.2939088380519776
   },
   "geometry": {
    "type": "Polygon",
    "coordinates": [
     [
      [
       76.218,
       9.911
      ],
      [
       76.227,
       9.911
      ],
      [
       76.227,
       9.92
      ],
      [
       76.218,
       9.92
      ],
      [
       76.218,
       9.911
      ]
     ]
    ]
   }
  },
  {
   "type": "Feature",
   "properties": {
    "ward_id": 20003,
    "name": "Zone 20-3",
    "heat_stress": 0.0,
    "lst_anom": -3.507924311340504,
    "people": 4.745541467515739
   },
   "geometry": {
    "type": "Polygon",
    "coordinates": [
     [
      [
       76.227,
       9.911
      ],
      [
       76.236,
       9.911
      ],
      [
       76.236,
       9.92
      ],
      [
       76.227,
       9.92
      ],
      [
       76.227,
       9.911
      ]
     ]
    ]
   }
  },
  {
   "type": "Feature",
   "properties": {
    "ward_id": 20004,
    "name": "Zone 20-4",
    "heat_stress": 0.0,
    "lst_anom": -3.558868331753417,
    "people": 3.638047286677284
   },
   "geometry": {
    "type": "Polygon",
    "coordinates": [
     [
      [
       76.236,
       9.911
      ],
      [
       76.245,
       9.911
      ],
      [
       76.245,
       9.92
      ],
      [
       76.236,
       9.92
      ],
      [
       76.236,
       9.911
      ]
     ]
    ]
   }
  },
  {
   "type": "Feature",
   "properties": {
    "ward_id": 20005,
    "name": "Zone 20-5",
    "heat_stress": 0.0,
    "lst_anom": -3.619928740284536,
    "people": 2.5017466513094977
   },
   "geometry": {
    "type": "Polygon",
    "coordinates": [
     [
      [
       76.245,
       9.911
      ],
      [
       76.254,
       9.911
      ],
      [
       76.254,
       9.92
      ],
      [
       76.245,
       9.92
      ],
      [
       76.245,
       9.911
      ]
     ]
    ]
   }
  },
  {
   "type": "Feature",
   "properties": {
    "ward_id": 20006,
    "name": "Zone 20-6",
    "heat_stress": 0.0,
    "lst_anom": -3.5758961654305668,
    "people": 3.620985974515029
   },
   "geometry": {
    "type": "Polygon",
    "coordinates": [
     [
      [
       76.254,
       9.911
      ],
      [
       76.263,
       9.911
      ],
      [
       76.263,
       9.92
      ],
      [
       76.254,
       9.92
      ],
      [
       76.254,
       9.911
      ]
     ]
    ]
   }
  },
  {
   "type": "Feature",
   "properties": {
    "ward_id": 20007,
    "name": "Zone 20-7",
    "heat_stress": 0.010479450593937099,
    "lst_anom": -1.5603449727330703,
    "people": 729.4891215401768
   },
   "geometry": {
    "type": "Polygon",
    "coordinates": [
     [
      [
       76.263,
       9.911
      ],
      [
       76.272,
       9.911
      ],
      [
       76.272,
       9.92
      ],
      [
       76.263,
       9.92
      ],
      [
       76.263,
       9.911
      ]
     ]
    ]
   }
  },
  {
   "type": "Feature",
   "properties": {
    "ward_id": 20008,
    "name": "Zone 20-8",
    "heat_stress": 0.03299588843978312,
    "lst_anom": -0.9738027443830211,
    "people": 1939.5778877753987
   },
   "geometry": {
    "type": "Polygon",
    "coordinates": [
     [
      [
       76.272,
       9.911
      ],
      [
       76.281,
       9.911
      ],
      [
       76.281,
       9.92
      ],
      [
       76.272,
       9.92
      ],
      [
       76.272,
       9.911
      ]
     ]
    ]
   }
  },
  {
   "type": "Feature",
   "properties": {
    "ward_id": 20009,
    "name": "Zone 20-9",
    "heat_stress": 0.01835008955535371,
    "lst_anom": -1.4052904386110003,
    "people": 1783.7740438816516
   },
   "geometry": {
    "type": "Polygon",
    "coordinates": [
     [
      [
       76.281,
       9.911
      ],
      [
       76.29,
       9.911
      ],
      [
       76.29,
       9.92
      ],
      [
       76.281,
       9.92
      ],
      [
       76.281,
       9.911
      ]
     ]
    ]
   }
  },
  {
   "type": "Feature",
   "properties": {
    "ward_id": 20010,
    "name": "Zone 20-10",
    "heat_stress": 0.005216086613749154,
    "lst_anom": -1.9287888613054793,
    "people": 396.6021605292291
   },
   "geometry": {
    "type": "Polygon",
    "coordinates": [
     [
      [
       76.29,
       9.911
      ],
      [
       76.299,
       9.911
      ],
      [
       76.299,
       9.92
      ],
      [
       76.29,
       9.92
      ],
      [
       76.29,
       9.911
      ]
     ]
    ]
   }
  },
  {
   "type": "Feature",
   "properties": {
    "ward_id": 20011,
    "name": "Zone 20-11",
    "heat_stress": 0.006649273015982357,
    "lst_anom": -1.959076515945834,
    "people": 212.1331674487572
   },
   "geometry": {
    "type": "Polygon",
    "coordinates": [
     [
      [
       76.299,
       9.911
      ],
      [
       76.308,
       9.911
      ],
      [
       76.308,
       9.92
      ],
      [
       76.299,
       9.92
      ],
      [
       76.299,
       9.911
      ]
     ]
    ]
   }
  },
  {
   "type": "Feature",
   "properties": {
    "ward_id": 20012,
    "name": "Zone 20-12",
    "heat_stress": 0.014055219652112648,
    "lst_anom": -1.6439599766325188,
    "people": 1406.4392714337216
   },
   "geometry": {
    "type": "Polygon",
    "coordinates": [
     [
      [
       76.308,
       9.911
      ],
      [
       76.31700000000001,
       9.911
      ],
      [
       76.31700000000001,
       9.92
      ],
      [
       76.308,
       9.92
      ],
      [
       76.308,
       9.911
      ]
     ]
    ]
   }
  },
  {
   "type": "Feature",
   "properties": {
    "ward_id": 20013,
    "name": "Zone 20-13",
    "heat_stress": 0.02986394934592852,
    "lst_anom": -1.065241466699217,
    "people": 1856.002320202394
   },
   "geometry": {
    "type": "Polygon",
    "coordinates": [
     [
      [
       76.31700000000001,
       9.911
      ],
      [
       76.32600000000001,
       9.911
      ],
      [
       76.32600000000001,
       9.92
      ],
      [
       76.31700000000001,
       9.92
      ],
      [
       76.31700000000001,
       9.911
      ]
     ]
    ]
   }
  },
  {
   "type": "Feature",
   "properties": {
    "ward_id": 20014,
    "name": "Zone 20-14",
    "heat_stress": 0.03117147600608923,
    "lst_anom": -0.889933407864986,
    "people": 1705.4902425884136
   },
   "geometry": {
    "type": "Polygon",
    "coordinates": [
     [
      [
       76.32600000000001,
       9.911
      ],
      [
       76.33500000000001,
       9.911
      ],
      [
       76.33500000000001,
       9.92
      ],
      [
       76.32600000000001,
       9.92
      ],
      [
       76.32600000000001,
       9.911
      ]
     ]
    ]
   }
  },
  {
   "type": "Feature",
   "properties": {
    "ward_id": 20015,
    "name": "Zone 20-15",
    "heat_stress": 0.032599065919943694,
    "lst_anom": -0.711735100922966,
    "people": 1775.6095323644533
   },
   "geometry": {
    "type": "Polygon",
    "coordinates": [
     [
      [
       76.33500000000001,
       9.911
      ],
      [
       76.34400000000001,
       9.911
      ],
      [
       76.34400000000001,
       9.92
      ],
      [
       76.33500000000001,
       9.92
      ],
      [
       76.33500000000001,
       9.911
      ]
     ]
    ]
   }
  },
  {
   "type": "Feature",
   "properties": {
    "ward_id": 20016,
    "name": "Zone 20-16",
    "heat_stress": 0.03821432126629662,
    "lst_anom": -0.3719786224347351,
    "people": 1563.386531496509
   },
   "geometry": {
    "type": "Polygon",
    "coordinates": [
     [
      [
       76.34400000000001,
       9.911
      ],
      [
       76.35300000000001,
       9.911
      ],
      [
       76.35300000000001,
       9.92
      ],
      [
       76.34400000000001,
       9.92
      ],
      [
       76.34400000000001,
       9.911
      ]
     ]
    ]
   }
  },
  {
   "type": "Feature",
   "properties": {
    "ward_id": 20017,
    "name": "Zone 20-17",
    "heat_stress": 0.03621737347387113,
    "lst_anom": -0.14406625006761054,
    "people": 1484.961881592025
   },
   "geometry": {
    "type": "Polygon",
    "coordinates": [
     [
      [
       76.35300000000001,
       9.911
      ],
      [
       76.36200000000001,
       9.911
      ],
      [
       76.36200000000001,
       9.92
      ],
      [
       76.35300000000001,
       9.92
      ],
      [
       76.35300000000001,
       9.911
      ]
     ]
    ]
   }
  },
  {
   "type": "Feature",
   "properties": {
    "ward_id": 20018,
    "name": "Zone 20-18",
    "heat_stress": 0.06306196388253761,
    "lst_anom": 0.5207805680546754,
    "people": 1782.7912172917333
   },
   "geometry": {
    "type": "Polygon",
    "coordinates": [
     [
      [
       76.36200000000001,
       9.911
      ],
      [
       76.37100000000001,
       9.911
      ],
      [
       76.37100000000001,
       9.92
      ],
      [
       76.36200000000001,
       9.92
      ],
      [
       76.36200000000001,
       9.911
      ]
     ]
    ]
   }
  },
  {
   "type": "Feature",
   "properties": {
    "ward_id": 20019,
    "name": "Zone 20-19",
    "heat_stress": 0.06197707502967132,
    "lst_anom": 0.582620767364099,
    "people": 1690.1599969258475
   },
   "geometry": {
    "type": "Polygon",
    "coordinates": [
     [
      [
       76.371,
       9.911
      ],
      [
       76.38000000000001,
       9.911
      ],
      [
       76.38000000000001,
       9.92
      ],
      [
       76.371,
       9.92
      ],
      [
       76.371,
       9.911
      ]
     ]
    ]
   }
  },
  {
   "type": "Feature",
   "properties": {
    "ward_id": 20020,
    "name": "Zone 20-20",
    "heat_stress": 0.09567940833757153,
    "lst_anom": 1.2722035162903513,
    "people": 1891.3617661182634
   },
   "geometry": {
    "type": "Polygon",
    "coordinates": [
     [
      [
       76.38,
       9.911
      ],
      [
       76.38900000000001,
       9.911
      ],
      [
       76.38900000000001,
       9.92
      ],
      [
       76.38,
       9.92
      ],
      [
       76.38,
       9.911
      ]
     ]
    ]
   }
  },
  {
   "type": "Feature",
   "properties": {
    "ward_id": 20021,
    "name": "Zone 20-21",
    "heat_stress": 0.07546422131422698,
    "lst_anom": 1.3112345549112145,
    "people": 1764.9851538189025
   },
   "geometry": {
    "type": "Polygon",
    "coordinates": [
     [
      [
       76.389,
       9.911
      ],
      [
       76.39800000000001,
       9.911
      ],
      [
       76.39800000000001,
       9.92
      ],
      [
       76.389,
       9.92
      ],
      [
       76.389,
       9.911
      ]
     ]
    ]
   }
  },
  {
   "type": "Feature",
   "properties": {
    "ward_id": 20022,
    "name": "Zone 20-22",
    "heat_stress": 0.102505078639448,
    "lst_anom": 2.04531775241201,
    "people": 370.0237327574582
   },
   "geometry": {
    "type": "Polygon",
    "coordinates": [
     [
      [
       76.398,
       9.911
      ],
      [
       76.3998,
       9.911
      ],
      [
       76.3998,
       9.92
      ],
      [
       76.398,
       9.92
      ],
      [
       76.398,
       9.911
      ]
     ]
    ]
   }
  },
  {
   "type": "Feature",
   "properties": {
    "ward_id": 21000,
    "name": "Zone 21-0",
    "heat_stress": 0.0,
    "lst_anom": -3.41430555882362,
    "people": 5.475545393812006
   },
   "geometry": {
    "type": "Polygon",
    "coordinates": [
     [
      [
       76.2,
       9.902
      ],
      [
       76.209,
       9.902
      ],
      [
       76.209,
       9.911
      ],
      [
       76.2,
       9.911
      ],
      [
       76.2,
       9.902
      ]
     ]
    ]
   }
  },
  {
   "type": "Feature",
   "properties": {
    "ward_id": 21001,
    "name": "Zone 21-1",
    "heat_stress": 0.0,
    "lst_anom": -3.4714188256479295,
    "people": 5.261215457628915
   },
   "geometry": {
    "type": "Polygon",
    "coordinates": [
     [
      [
       76.209,
       9.902
      ],
      [
       76.218,
       9.902
      ],
      [
       76.218,
       9.911
      ],
      [
       76.209,
       9.911
      ],
      [
       76.209,
       9.902
      ]
     ]
    ]
   }
  },
  {
   "type": "Feature",
   "properties": {
    "ward_id": 21002,
    "name": "Zone 21-2",
    "heat_stress": 0.0,
    "lst_anom": -3.5890003143461726,
    "people": 1.4307846595183051
   },
   "geometry": {
    "type": "Polygon",
    "coordinates": [
     [
      [
       76.218,
       9.902
      ],
      [
       76.227,
       9.902
      ],
      [
       76.227,
       9.911
      ],
      [
       76.218,
       9.911
      ],
      [
       76.218,
       9.902
      ]
     ]
    ]
   }
  },
  {
   "type": "Feature",
   "properties": {
    "ward_id": 21003,
    "name": "Zone 21-3",
    "heat_stress": 0.0,
    "lst_anom": -3.3482699082164418,
    "people": 5.0028638361051065
   },
   "geometry": {
    "type": "Polygon",
    "coordinates": [
     [
      [
       76.227,
       9.902
      ],
      [
       76.236,
       9.902
      ],
      [
       76.236,
       9.911
      ],
      [
       76.227,
       9.911
      ],
      [
       76.227,
       9.902
      ]
     ]
    ]
   }
  },
  {
   "type": "Feature",
   "properties": {
    "ward_id": 21004,
    "name": "Zone 21-4",
    "heat_stress": 0.0,
    "lst_anom": -3.4892454601591405,
    "people": 5.49885271378648
   },
   "geometry": {
    "type": "Polygon",
    "coordinates": [
     [
      [
       76.236,
       9.902
      ],
      [
       76.245,
       9.902
      ],
      [
       76.245,
       9.911
      ],
      [
       76.236,
       9.911
      ],
      [
       76.236,
       9.902
      ]
     ]
    ]
   }
  },
  {
   "type": "Feature",
   "properties": {
    "ward_id": 21005,
    "name": "Zone 21-5",
    "heat_stress": 0.0,
    "lst_anom": -3.487494462226614,
    "people": 3.4591198931543943
   },
   "geometry": {
    "type": "Polygon",
    "coordinates": [
     [
      [
       76.245,
       9.902
      ],
      [
       76.254,
       9.902
      ],
      [
       76.254,
       9.911
      ],
      [
       76.245,
       9.911
      ],
      [
       76.245,
       9.902
      ]
     ]
    ]
   }
  },
  {
   "type": "Feature",
   "properties": {
    "ward_id": 21006,
    "name": "Zone 21-6",
    "heat_stress": 0.0,
    "lst_anom": -2.840999150989108,
    "people": 10.530415595028646
   },
   "geometry": {
    "type": "Polygon",
    "coordinates": [
     [
      [
       76.254,
       9.902
      ],
      [
       76.263,
       9.902
      ],
      [
       76.263,
       9.911
      ],
      [
       76.254,
       9.911
      ],
      [
       76.254,
       9.902
      ]
     ]
    ]
   }
  },
  {
   "type": "Feature",
   "properties": {
    "ward_id": 21007,
    "name": "Zone 21-7",
    "heat_stress": 0.027465254615835766,
    "lst_anom": -1.1834649963560055,
    "people": 1352.8232220872346
   },
   "geometry": {
    "type": "Polygon",
    "coordinates": [
     [
      [
       76.263,
       9.902
      ],
      [
       76.272,
       9.902
      ],
      [
       76.272,
       9.911
      ],
      [
       76.263,
       9.911
      ],
      [
       76.263,
       9.902
      ]
     ]
    ]
   }
  },
  {
   "type": "Feature",
   "properties": {
    "ward_id": 21008,
    "name": "Zone 21-8",
    "heat_stress": 0.02888427565571831,
    "lst_anom": -0.9199721095261246,
    "people": 1651.4377059540188
   },
   "geometry": {
    "type": "Polygon",
    "coordinates": [
     [
      [
       76.272,
       9.902
      ],
      [
       76.281,
       9.902
      ],
      [
       76.281,
       9.911
      ],
      [
       76.272,
       9.911
      ],
      [
       76.272,
       9.902
      ]
     ]
    ]
   }
  },
  {
   "type": "Feature",
   "properties": {
    "ward_id": 21009,
    "name": "Zone 21-9",
    "heat_stress": 0.022862474465666336,
    "lst_anom": -1.1535152630191206,
    "people": 1774.3462483076823
   },
   "geometry": {
    "type": "Polygon",
    "coordinates": [
     [
      [
       76.281,
       9.902
      ],
      [
       76.29,
       9.902
      ],
      [
       76.29,
       9.911
      ],
      [
       76.281,
       9.911
      ],
      [
       76.281,
       9.902
      ]
     ]
    ]
   }
  },
  {
   "type": "Feature",
   "properties": {
    "ward_id": 21010,
    "name": "Zone 21-10",
    "heat_stress": 0.020353184368834237,
    "lst_anom": -1.394853218850512,
    "people": 1783.9375123980399
   },
   "geometry": {
    "type": "Polygon",
    "coordinates": [
     [
      [
       76.29,
       9.902
      ],
      [
       76.299,
       9.902
      ],
      [
       76.299,
       9.911
      ],
      [
       76.29,
       9.911
      ],
      [
       76.29,
       9.902
      ]
     ]
    ]
   }
  },
  {
   "type": "Feature",
   "properties": {
    "ward_id": 21011,
    "name": "Zone 21-11",
    "heat_stress": 0.017881436661693333,
    "lst_anom": -1.4372557535434363,
    "people": 1800.0937896614932
   },
   "geometry": {
    "type": "Polygon",
    "coordinates": [
     [
      [
       76.299,
       9.902
      ],
      [
       76.308,
       9.902
      ],
      [
       76.308,
       9.911
      ],
      [
       76.299,
       9.911
      ],
      [
       76.299,
       9.902
      ]
     ]
    ]
   }
  },
  {
   "type": "Feature",
   "properties": {
    "ward_id": 21012,
    "name": "Zone 21-12",
    "heat_stress": 0.016567637300901585,
    "lst_anom": -1.3094422554240133,
    "people": 1695.7012648051264
   },
   "geometry": {
    "type": "Polygon",
    "coordinates": [
     [
      [
       76.308,
       9.902
      ],
      [
       76.31700000000001,
       9.902
      ],
      [
       76.31700000000001,
       9.911
      ],
      [
       76.308,
       9.911
      ],
      [
       76.308,
       9.902
      ]
     ]
    ]
   }
  },
  {
   "type": "Feature",
   "properties": {
    "ward_id": 21013,
    "name": "Zone 21-13",
    "heat_stress": 0.027276996505805666,
    "lst_anom": -1.0626406578469387,
    "people": 1665.1912960139862
   },
   "geometry": {
    "type": "Polygon",
    "coordinates": [
     [
      [
       76.31700000000001,
       9.902
      ],
      [
       76.32600000000001,
       9.902
      ],
      [
       76.32600000000001,
       9.911
      ],
      [
       76.31700000000001,
       9.911
      ],
      [
       76.31700000000001,
       9.902
      ]
     ]
    ]
   }
  },
  {
   "type": "Feature",
   "properties": {
    "ward_id": 21014,
    "name": "Zone 21-14",
    "heat_stress": 0.03757183743074172,
    "lst_anom": -0.7360926180797005,
    "people": 1845.2131983437164
   },
   "geometry": {
    "type": "Polygon",
    "coordinates": [
     [
      [
       76.32600000000001,
       9.902
      ],
      [
       76.33500000000001,
       9.902
      ],
      [
       76.33500000000001,
       9.911
      ],
      [
       76.32600000000001,
       9.911
      ],
      [
       76.32600000000001,
       9.902
      ]
     ]
    ]
   }
  },
  {
   "type": "Feature",
   "properties": {
    "ward_id": 21015,
    "name": "Zone 21-15",
    "heat_stress": 0.04845892167001725,
    "lst_anom": -0.3643710838295834,
    "people": 1905.4805413576184
   },
   "geometry": {
    "type": "Polygon",
    "coordinates": [
     [
      [
       76.33500000000001,
       9.902
      ],
      [
       76.34400000000001,
       9.902
      ],
      [
       76.34400000000001,
       9.911
      ],
      [
       76.33500000000001,
       9.911
      ],
      [
       76.33500000000001,
       9.902
      ]
     ]
    ]
   }
  },
  {
   "type": "Feature",
   "properties": {
    "ward_id": 21016,
    "name": "Zone 21-16",
    "heat_stress": 0.04874959633828297,
    "lst_anom": -0.12272219931009604,
    "people": 1771.828101321847
   },
   "geometry": {
    "type": "Polygon",
    "coordinates": [
     [
      [
       76.34400000000001,
       9.902
      ],
      [
       76.35300000000001,
       9.902
      ],
      [
       76.35300000000001,
       9.911
      ],
      [
       76.34400000000001,
       9.911
      ],
      [
       76.34400000000001,
       9.902
      ]
     ]
    ]
   }
  },
  {
   "type": "Feature",
   "properties": {
    "ward_id": 21017,
    "name": "Zone 21-17",
    "heat_stress": 0.05903581220267839,
    "lst_anom": 0.2316568373725073,
    "people": 1813.6384012365195
   },
   "geometry": {
    "type": "Polygon",
    "coordinates": [
     [
      [
       76.35300000000001,
       9.902
      ],
      [
       76.36200000000001,
       9.902
      ],
      [
       76.36200000000001,
       9.911
      ],
      [
       76.35300000000001,
       9.911
      ],
      [
       76.35300000000001,
       9.902
      ]
     ]
    ]
   }
  },
  {
   "type": "Feature",
   "properties": {
    "ward_id": 21018,
    "name": "Zone 21-18",
    "heat_stress": 0.05697548864638456,
    "lst_anom": 0.42568524254630147,
    "people": 1494.2421903076079
   },
   "geometry": {
    "type": "Polygon",
    "coordinates": [
     [
      [
       76.36200000000001,
       9.902
      ],
      [
       76.37100000000001,
       9.902
      ],
      [
       76.37100000000001,
       9.911
      ],
      [
       76.36200000000001,
       9.911
      ],
      [
       76.36200000000001,
       9.902
      ]
     ]
    ]
   }
  },
  {
   "type": "Feature",
   "properties": {
    "ward_id": 21019,
    "name": "Zone 21-19",
    "heat_stress": 0.06846816702222967,
    "lst_anom": 0.804515855917492,
    "people": 1497.7199247815988
   },
   "geometry": {
    "type": "Polygon",
    "coordinates": [
     [
      [
       76.371,
       9.902
      ],
      [
       76.38000000000001,
       9.902
      ],
      [
       76.38000000000001,
       9.911
      ],
      [
       76.371,
       9.911
      ],
      [
       76.371,
       9.902
      ]
     ]
    ]
   }
  },
  {
   "type": "Feature",
   "properties": {
    "ward_id": 21020,
    "name": "Zone 21-20",
    "heat_stress": 0.06360968338954846,
    "lst_anom": 0.9689039961932717,
    "people": 1627.0286409303355
   },
   "geometry": {
    "type": "Polygon",
    "coordinates": [
     [
      [
       76.38,
       9.902
      ],
      [
       76.38900000000001,
       9.902
      ],
      [
       76.38900000000001,
       9.911
      ],
      [
       76.38,
       9.911
      ],
      [
       76.38,
       9.902
      ]
     ]
    ]
   }
  },
  {
   "type": "Feature",
   "properties": {
    "ward_id": 21021,
    "name": "Zone 21-21",
    "heat_stress": 0.09414523165206541,
    "lst_anom": 1.5565438333760835,
    "people": 1806.888591381979
   },
   "geometry": {
    "type": "Polygon",
    "coordinates": [
     [
      [
       76.389,
       9.902
      ],
      [
       76.39800000000001,
       9.902
      ],
      [
       76.39800000000001,
       9.911
      ],
      [
       76.389,
       9.911
      ],
      [
       76.389,
       9.902
      ]
     ]
    ]
   }
  },
  {
   "type": "Feature",
   "properties": {
    "ward_id": 21022,
    "name": "Zone 21-22",
    "heat_stress": 0.12424588262552652,
    "lst_anom": 1.9360628632398136,
    "people": 383.6504001121527
   },
   "geometry": {
    "type": "Polygon",
    "coordinates": [
     [
      [
       76.398,
       9.902
      ],
      [
       76.3998,
       9.902
      ],
      [
       76.3998,
       9.911
      ],
      [
       76.398,
       9.911
      ],
      [
       76.398,
       9.902
      ]
     ]
    ]
   }
  },
  {
   "type": "Feature",
   "properties": {
    "ward_id": 22000,
    "name": "Zone 22-0",
    "heat_stress": 0.0,
    "lst_anom": -3.5310134206985886,
    "people": 4.181874709690901
   },
   "geometry": {
    "type": "Polygon",
    "coordinates": [
     [
      [
       76.2,
       9.892999999999999
      ],
      [
       76.209,
       9.892999999999999
      ],
      [
       76.209,
       9.902000000000001
      ],
      [
       76.2,
       9.902000000000001
      ],
      [
       76.2,
       9.892999999999999
      ]
     ]
    ]
   }
  },
  {
   "type": "Feature",
   "properties": {
    "ward_id": 22001,
    "name": "Zone 22-1",
    "heat_stress": 0.0,
    "lst_anom": -3.282732495558926,
    "people": 6.340113457268657
   },
   "geometry": {
    "type": "Polygon",
    "coordinates": [
     [
      [
       76.209,
       9.892999999999999
      ],
      [
       76.218,
       9.892999999999999
      ],
      [
       76.218,
       9.902000000000001
      ],
      [
       76.209,
       9.902000000000001
      ],
      [
       76.209,
       9.892999999999999
      ]
     ]
    ]
   }
  },
  {
   "type": "Feature",
   "properties": {
    "ward_id": 22002,
    "name": "Zone 22-2",
    "heat_stress": 0.0,
    "lst_anom": -3.512496949524088,
    "people": 5.462131571373097
   },
   "geometry": {
    "type": "Polygon",
    "coordinates": [
     [
      [
       76.218,
       9.892999999999999
      ],
      [
       76.227,
       9.892999999999999
      ],
      [
       76.227,
       9.902000000000001
      ],
      [
       76.218,
       9.902000000000001
      ],
      [
       76.218,
       9.892999999999999
      ]
     ]
    ]
   }
  },
  {
   "type": "Feature",
   "properties": {
    "ward_id": 22003,
    "name": "Zone 22-3",
    "heat_stress": 0.0,
    "lst_anom": -3.512998553857423,
    "people": 5.992655549588737
   },
   "geometry": {
    "type": "Polygon",
    "coordinates": [
     [
      [
       76.227,
       9.892999999999999
      ],
      [
       76.236,
       9.892999999999999
      ],
      [
       76.236,
       9.902000000000001
      ],
      [
       76.227,
       9.902000000000001
      ],
      [
       76.227,
       9.892999999999999
      ]
     ]
    ]
   }
  },
  {
   "type": "Feature",
   "properties": {
    "ward_id": 22004,
    "name": "Zone 22-4",
    "heat_stress": 0.0,
    "lst_anom": -3.55535051223326,
    "people": 6.020886174605802
   },
   "geometry": {
    "type": "Polygon",
    "coordinates": [
     [
      [
       76.236,
       9.892999999999999
      ],
      [
       76.245,
       9.892999999999999
      ],
      [
       76.245,
       9.902000000000001
      ],
      [
       76.236,
       9.902000000000001
      ],
      [
       76.236,
       9.892999999999999
      ]
     ]
    ]
   }
  },
  {
   "type": "Feature",
   "properties": {
    "ward_id": 22005,
    "name": "Zone 22-5",
    "heat_stress": 0.0,
    "lst_anom": -3.5321801852300645,
    "people": 3.0173718271480423
   },
   "geometry": {
    "type": "Polygon",
    "coordinates": [
     [
      [
       76.245,
       9.892999999999999
      ],
      [
       76.254,
       9.892999999999999
      ],
      [
       76.254,
       9.902000000000001
      ],
      [
       76.245,
       9.902000000000001
      ],
      [
       76.245,
       9.892999999999999
      ]
     ]
    ]
   }
  },
  {
   "type": "Feature",
   "properties": {
    "ward_id": 22006,
    "name": "Zone 22-6",
    "heat_stress": 0.006780426559964667,
    "lst_anom": -1.9134315221343654,
    "people": 288.2658658948564
   },
   "geometry": {
    "type": "Polygon",
    "coordinates": [
     [
      [
       76.254,
       9.892999999999999
      ],
      [
       76.263,
       9.892999999999999
      ],
      [
       76.263,
       9.902000000000001
      ],
      [
       76.254,
       9.902000000000001
      ],
      [
       76.254,
       9.892999999999999
      ]
     ]
    ]
   }
  },
  {
   "type": "Feature",
   "properties": {
    "ward_id": 22007,
    "name": "Zone 22-7",
    "heat_stress": 0.023657866280441392,
    "lst_anom": -1.103609941930233,
    "people": 1559.1002326706011
   },
   "geometry": {
    "type": "Polygon",
    "coordinates": [
     [
      [
       76.263,
       9.892999999999999
      ],
      [
       76.272,
       9.892999999999999
      ],
      [
       76.272,
       9.902000000000001
      ],
      [
       76.263,
       9.902000000000001
      ],
      [
       76.263,
       9.892999999999999
      ]
     ]
    ]
   }
  },
  {
   "type": "Feature",
   "properties": {
    "ward_id": 22008,
    "name": "Zone 22-8",
    "heat_stress": 0.03449234678875901,
    "lst_anom": -0.8429228202933454,
    "people": 1752.57184903971
   },
   "geometry": {
    "type": "Polygon",
    "coordinates": [
     [
      [
       76.272,
       9.892999999999999
      ],
      [
       76.281,
       9.892999999999999
      ],
      [
       76.281,
       9.902000000000001
      ],
      [
       76.272,
       9.902000000000001
      ],
      [
       76.272,
       9.892999999999999
      ]
     ]
    ]
   }
  },
  {
   "type": "Feature",
   "properties": {
    "ward_id": 22009,
    "name": "Zone 22-9",
    "heat_stress": 0.03166223943612543,
    "lst_anom": -0.7499478455240629,
    "people": 1770.065547661574
   },
   "geometry": {
    "type": "Polygon",
    "coordinates": [
     [
      [
       76.281,
       9.892999999999999
      ],
      [
       76.29,
       9.892999999999999
      ],
      [
       76.29,
       9.902000000000001
      ],
      [
       76.281,
       9.902000000000001
      ],
      [
       76.281,
       9.892999999999999
      ]
     ]
    ]
   }
  },
  {
   "type": "Feature",
   "properties": {
    "ward_id": 22010,
    "name": "Zone 22-10",
    "heat_stress": 0.04345753815203455,
    "lst_anom": -0.6692246309554782,
    "people": 1933.3975739549237
   },
   "geometry": {
    "type": "Polygon",
    "coordinates": [
     [
      [
       76.29,
       9.892999999999999
      ],
      [
       76.299,
       9.892999999999999
      ],
      [
       76.299,
       9.902000000000001
      ],
      [
       76.29,
       9.902000000000001
      ],
      [
       76.29,
       9.892999999999999
      ]
     ]
    ]
   }
  },
  {
   "type": "Feature",
   "properties": {
    "ward_id": 22011,
    "name": "Zone 22-11",
    "heat_stress": 0.020656279859124865,
    "lst_anom": -1.1229239743382735,
    "people": 1660.241387475557
   },
   "geometry": {
    "type": "Polygon",
    "coordinates": [
     [
      [
       76.299,
       9.892999999999999
      ],
      [
       76.308,
       9.892999999999999
      ],
      [
       76.308,
       9.902000000000001
      ],
      [
       76.299,
       9.902000000000001
      ],
      [
       76.299,
       9.892999999999999
      ]
     ]
    ]
   }
  },
  {
   "type": "Feature",
   "properties": {
    "ward_id": 22012,
    "name": "Zone 22-12",
    "heat_stress": 0.030950202370656998,
    "lst_anom": -0.8626236555558155,
    "people": 1845.2360128873258
   },
   "geometry": {
    "type": "Polygon",
    "coordinates": [
     [
      [
       76.308,
       9.892999999999999
      ],
      [
       76.31700000000001,
       9.892999999999999
      ],
      [
       76.31700000000001,
       9.902000000000001
      ],
      [
       76.308,
       9.902000000000001
      ],
      [
       76.308,
       9.892999999999999
      ]
     ]
    ]
   }
  },
  {
   "type": "Feature",
   "properties": {
    "ward_id": 22013,
    "name": "Zone 22-13",
    "heat_stress": 0.02795294550838246,
    "lst_anom": -0.9263324901357597,
    "people": 1584.1901934118189
   },
   "geometry": {
    "type": "Polygon",
    "coordinates": [
     [
      [
       76.31700000000001,
       9.892999999999999
      ],
      [
       76.32600000000001,
       9.892999999999999
      ],
      [
       76.32600000000001,
       9.902000000000001
      ],
      [
       76.31700000000001,
       9.902000000000001
      ],
      [
       76.31700000000001,
       9.892999999999999
      ]
     ]
    ]
   }
  },
  {
   "type": "Feature",
   "properties": {
    "ward_id": 22014,
    "name": "Zone 22-14",
    "heat_stress": 0.028443752947282755,
    "lst_anom": -0.7027061004315788,
    "people": 1700.183058263895
   },
   "geometry": {
    "type": "Polygon",
    "coordinates": [
     [
      [
       76.32600000000001,
       9.892999999999999
      ],
      [
       76.33500000000001,
       9.892999999999999
      ],
      [
       76.33500000000001,
       9.902000000000001
      ],
      [
       76.32600000000001,
       9.902000000000001
      ],
      [
       76.32600000000001,
       9.892999999999999
      ]
     ]
    ]
   }
  },
  {
   "type": "Feature",
   "properties": {
    "ward_id": 22015,
    "name": "Zone 22-15",
    "heat_stress": 0.046734564924874746,
    "lst_anom": -0.19154240039607567,
    "people": 2013.9135569066132
   },
   "geometry": {
    "type": "Polygon",
    "coordinates": [
     [
      [
       76.33500000000001,
       9.892999999999999
      ],
      [
       76.34400000000001,
       9.892999999999999
      ],
      [
       76.34400000000001,
       9.902000000000001
      ],
      [
       76.33500000000001,
       9.902000000000001
      ],
      [
       76.33500000000001,
       9.892999999999999
      ]
     ]
    ]
   }
  },
  {
   "type": "Feature",
   "properties": {
    "ward_id": 22016,
    "name": "Zone 22-16",
    "heat_stress": 0.047938186321543334,
    "lst_anom": -0.018579304398274,
    "people": 1534.436074815312
   },
   "geometry": {
    "type": "Polygon",
    "coordinates": [
     [
      [
       76.34400000000001,
       9.892999999999999
      ],
      [
       76.35300000000001,
       9.892999999999999
      ],
      [
       76.35300000000001,
       9.902000000000001
      ],
      [
       76.34400000000001,
       9.902000000000001
      ],
      [
       76.34400000000001,
       9.892999999999999
      ]
     ]
    ]
   }
  },
  {
   "type": "Feature",
   "properties": {
    "ward_id": 22017,
    "name": "Zone 22-17",
    "heat_stress": 0.05327889160676429,
    "lst_anom": 0.20421672819687794,
    "people": 1688.8729932970966
   },
   "geometry": {
    "type": "Polygon",
    "coordinates": [
     [
      [
       76.35300000000001,
       9.892999999999999
      ],
      [
       76.36200000000001,
       9.892999999999999
      ],
      [
       76.36200000000001,
       9.902000000000001
      ],
      [
       76.35300000000001,
       9.902000000000001
      ],
      [
       76.35300000000001,
       9.892999999999999
      ]
     ]
    ]
   }
  },
  {
   "type": "Feature",
   "properties": {
    "ward_id": 22018,
    "name": "Zone 22-18",
    "heat_stress": 0.059341647145796234,
    "lst_anom": 0.4818690474220262,
    "people": 1640.3298823226924
   },
   "geometry": {
    "type": "Polygon",
    "coordinates": [
     [
      [
       76.36200000000001,
       9.892999999999999
      ],
      [
       76.37100000000001,
       9.892999999999999
      ],
      [
       76.37100000000001,
       9.902000000000001
      ],
      [
       76.36200000000001,
       9.902000000000001
      ],
      [
       76.36200000000001,
       9.892999999999999
      ]
     ]
    ]
   }
  },
  {
   "type": "Feature",
   "properties": {
    "ward_id": 22019,
    "name": "Zone 22-19",
    "heat_stress": 0.06349631777059705,
    "lst_anom": 0.8366929414797211,
    "people": 1525.8726062220012
   },
   "geometry": {
    "type": "Polygon",
    "coordinates": [
     [
      [
       76.371,
       9.892999999999999
      ],
      [
       76.38000000000001,
       9.892999999999999
      ],
      [
       76.38000000000001,
       9.902000000000001
      ],
      [
       76.371,
       9.902000000000001
      ],
      [
       76.371,
       9.892999999999999
      ]
     ]
    ]
   }
  },
  {
   "type": "Feature",
   "properties": {
    "ward_id": 22020,
    "name": "Zone 22-20",
    "heat_stress": 0.06902120391171869,
    "lst_anom": 1.121500235318011,
    "people": 1678.9623893183007
   },
   "geometry": {
    "type": "Polygon",
    "coordinates": [
     [
      [
       76.38,
       9.892999999999999
      ],
      [
       76.38900000000001,
       9.892999999999999
      ],
      [
       76.38900000000001,
       9.902000000000001
      ],
      [
       76.38,
       9.902000000000001
      ],
      [
       76.38,
       9.892999999999999
      ]
     ]
    ]
   }
  },
  {
   "type": "Feature",
   "properties": {
    "ward_id": 22021,
    "name": "Zone 22-21",
    "heat_stress": 0.08580600941179106,
    "lst_anom": 1.7564366853214575,
    "people": 1653.3177164906278
   },
   "geometry": {
    "type": "Polygon",
    "coordinates": [
     [
      [
       76.389,
       9.892999999999999
      ],
      [
       76.39800000000001,
       9.892999999999999
      ],
      [
       76.39800000000001,
       9.902000000000001
      ],
      [
       76.389,
       9.902000000000001
      ],
      [
       76.389,
       9.892999999999999
      ]
     ]
    ]
   }
  },
  {
   "type": "Feature",
   "properties": {
    "ward_id": 22022,
    "name": "Zone 22-22",
    "heat_stress": 0.12134638552990921,
    "lst_anom": 2.046375388527898,
    "people": 458.2480369226567
   },
   "geometry": {
    "type": "Polygon",
    "coordinates": [
     [
      [
       76.398,
       9.892999999999999
      ],
      [
       76.3998,
       9.892999999999999
      ],
      [
       76.3998,
       9.902000000000001
      ],
      [
       76.398,
       9.902000000000001
      ],
      [
       76.398,
       9.892999999999999
      ]
     ]
    ]
   }
  },
  {
   "type": "Feature",
   "properties": {
    "ward_id": 23000,
    "name": "Zone 23-0",
    "heat_stress": 0.0,
    "lst_anom": -3.5465118216505016,
    "people": 4.305671264163923
   },
   "geometry": {
    "type": "Polygon",
    "coordinates": [
     [
      [
       76.2,
       9.883999999999999
      ],
      [
       76.209,
       9.883999999999999
      ],
      [
       76.209,
       9.893
      ],
      [
       76.2,
       9.893
      ],
      [
       76.2,
       9.883999999999999
      ]
     ]
    ]
   }
  },
  {
   "type": "Feature",
   "properties": {
    "ward_id": 23001,
    "name": "Zone 23-1",
    "heat_stress": 0.0,
    "lst_anom": -3.5038590519296307,
    "people": 4.002836143978752
   },
   "geometry": {
    "type": "Polygon",
    "coordinates": [
     [
      [
       76.209,
       9.883999999999999
      ],
      [
       76.218,
       9.883999999999999
      ],
      [
       76.218,
       9.893
      ],
      [
       76.209,
       9.893
      ],
      [
       76.209,
       9.883999999999999
      ]
     ]
    ]
   }
  },
  {
   "type": "Feature",
   "properties": {
    "ward_id": 23002,
    "name": "Zone 23-2",
    "heat_stress": 0.0,
    "lst_anom": -3.4781094619537813,
    "people": 4.915889688072167
   },
   "geometry": {
    "type": "Polygon",
    "coordinates": [
     [
      [
       76.218,
       9.883999999999999
      ],
      [
       76.227,
       9.883999999999999
      ],
      [
       76.227,
       9.893
      ],
      [
       76.218,
       9.893
      ],
      [
       76.218,
       9.883999999999999
      ]
     ]
    ]
   }
  },
  {
   "type": "Feature",
   "properties": {
    "ward_id": 23003,
    "name": "Zone 23-3",
    "heat_stress": 0.0,
    "lst_anom": -3.2348046208603622,
    "people": 6.489631520432983
   },
   "geometry": {
    "type": "Polygon",
    "coordinates": [
     [
      [
       76.227,
       9.883999999999999
      ],
      [
       76.236,
       9.883999999999999
      ],
      [
       76.236,
       9.893
      ],
      [
       76.227,
       9.893
      ],
      [
       76.227,
       9.883999999999999
      ]
     ]
    ]
   }
  },
  {
   "type": "Feature",
   "properties": {
    "ward_id": 23004,
    "name": "Zone 23-4",
    "heat_stress": 0.0,
    "lst_anom": -3.6813816030881017,
    "people": 4.192812411020871
   },
   "geometry": {
    "type": "Polygon",
    "coordinates": [
     [
      [
       76.236,
       9.883999999999999
      ],
      [
       76.245,
       9.883999999999999
      ],
      [
       76.245,
       9.893
      ],
      [
       76.236,
       9.893
      ],
      [
       76.236,
       9.883999999999999
      ]
     ]
    ]
   }
  },
  {
   "type": "Feature",
   "properties": {
    "ward_id": 23005,
    "name": "Zone 23-5",
    "heat_stress": 0.0,
    "lst_anom": -3.710283746671119,
    "people": 5.248612853551599
   },
   "geometry": {
    "type": "Polygon",
    "coordinates": [
     [
      [
       76.245,
       9.883999999999999
      ],
      [
       76.254,
       9.883999999999999
      ],
      [
       76.254,
       9.893
      ],
      [
       76.245,
       9.893
      ],
      [
       76.245,
       9.883999999999999
      ]
     ]
    ]
   }
  },
  {
   "type": "Feature",
   "properties": {
    "ward_id": 23006,
    "name": "Zone 23-6",
    "heat_stress": 0.01846103726624729,
    "lst_anom": -1.4055015023848192,
    "people": 949.7148784862206
   },
   "geometry": {
    "type": "Polygon",
    "coordinates": [
     [
      [
       76.254,
       9.883999999999999
      ],
      [
       76.263,
       9.883999999999999
      ],
      [
       76.263,
       9.893
      ],
      [
       76.254,
       9.893
      ],
      [
       76.254,
       9.883999999999999
      ]
     ]
    ]
   }
  },
  {
   "type": "Feature",
   "properties": {
    "ward_id": 23007,
    "name": "Zone 23-7",
    "heat_stress": 0.024135040847413726,
    "lst_anom": -1.0645612037621852,
    "people": 1690.5161889528947
   },
   "geometry": {
    "type": "Polygon",
    "coordinates": [
     [
      [
       76.263,
       9.883999999999999
      ],
      [
       76.272,
       9.883999999999999
      ],
      [
       76.272,
       9.893
      ],
      [
       76.263,
       9.893
      ],
      [
       76.263,
       9.883999999999999
      ]
     ]
    ]
   }
  },
  {
   "type": "Feature",
   "properties": {
    "ward_id": 23008,
    "name": "Zone 23-8",
    "heat_stress": 0.02742481515210598,
    "lst_anom": -0.7856662227814053,
    "people": 1442.9259415842407
   },
   "geometry": {
    "type": "Polygon",
    "coordinates": [
     [
      [
       76.272,
       9.883999999999999
      ],
      [
       76.281,
       9.883999999999999
      ],
      [
       76.281,
       9.893
      ],
      [
       76.272,
       9.893
      ],
      [
       76.272,
       9.883999999999999
      ]
     ]
    ]
   }
  },
  {
   "type": "Feature",
   "properties": {
    "ward_id": 23009,
    "name": "Zone 23-9",
    "heat_stress": 0.038915781824025324,
    "lst_anom": -0.3057873101436907,
    "people": 1482.6748571949317
   },
   "geometry": {
    "type": "Polygon",
    "coordinates": [
     [
      [
       76.281,
       9.883999999999999
      ],
      [
       76.29,
       9.883999999999999
      ],
      [
       76.29,
       9.893
      ],
      [
       76.281,
       9.893
      ],
      [
       76.281,
       9.883999999999999
      ]
     ]
    ]
   }
  },
  {
   "type": "Feature",
   "properties": {
    "ward_id": 23010,
    "name": "Zone 23-10",
    "heat_stress": 0.03714661799551908,
    "lst_anom": -0.6197983634794028,
    "people": 1533.6128433181375
   },
   "geometry": {
    "type": "Polygon",
    "coordinates": [
     [
      [
       76.29,
       9.883999999999999
      ],
      [
       76.299,
       9.883999999999999
      ],
      [
       76.299,
       9.893
      ],
      [
       76.29,
       9.893
      ],
      [
       76.29,
       9.883999999999999
      ]
     ]
    ]
   }
  },
  {
   "type": "Feature",
   "properties": {
    "ward_id": 23011,
    "name": "Zone 23-11",
    "heat_stress": 0.034041572375950624,
    "lst_anom": -0.5615781238830604,
    "people": 1818.9875112429727
   },
   "geometry": {
    "type": "Polygon",
    "coordinates": [
     [
      [
       76.299,
       9.883999999999999
      ],
      [
       76.308,
       9.883999999999999
      ],
      [
       76.308,
       9.893
      ],
      [
       76.299,
       9.893
      ],
      [
       76.299,
       9.883999999999999
      ]
     ]
    ]
   }
  },
  {
   "type": "Feature",
   "properties": {
    "ward_id": 23012,
    "name": "Zone 23-12",
    "heat_stress": 0.04076885470777841,
    "lst_anom": -0.6185946048413351,
    "people": 1717.783261427351
   },
   "geometry": {
    "type": "Polygon",
    "coordinates": [
     [
      [
       76.308,
       9.883999999999999
      ],
      [
       76.31700000000001,
       9.883999999999999
      ],
      [
       76.31700000000001,
       9.893
      ],
      [
       76.308,
       9.893
      ],
      [
       76.308,
       9.883999999999999
      ]
     ]
    ]
   }
  },
  {
   "type": "Feature",
   "properties": {
    "ward_id": 23013,
    "name": "Zone 23-13",
    "heat_stress": 0.03601349392706306,
    "lst_anom": -0.5168796291495935,
    "people": 1695.2559986182941
   },
   "geometry": {
    "type": "Polygon",
    "coordinates": [
     [
      [
       76.31700000000001,
       9.883999999999999
      ],
      [
       76.32600000000001,
       9.883999999999999
      ],
      [
       76.32600000000001,
       9.893
      ],
      [
       76.31700000000001,
       9.893
      ],
      [
       76.31700000000001,
       9.883999999999999
      ]
     ]
    ]
   }
  },
  {
   "type": "Feature",
   "properties": {
    "ward_id": 23014,
    "name": "Zone 23-14",
    "heat_stress": 0.05522172036825504,
    "lst_anom": -0.07566256237764102,
    "people": 1799.2757674641805
   },
   "geometry": {
    "type": "Polygon",
    "coordinates": [
     [
      [
       76.32600000000001,
       9.883999999999999
      ],
      [
       76.33500000000001,
       9.883999999999999
      ],
      [
       76.33500000000001,
       9.893
      ],
      [
       76.32600000000001,
       9.893
      ],
      [
       76.32600000000001,
       9.883999999999999
      ]
     ]
    ]
   }
  },
  {
   "type": "Feature",
   "properties": {
    "ward_id": 23015,
    "name": "Zone 23-15",
    "heat_stress": 0.05050657873091755,
    "lst_anom": -0.11854872388498434,
    "people": 1809.6189820227153
   },
   "geometry": {
    "type": "Polygon",
    "coordinates": [
     [
      [
       76.33500000000001,
       9.883999999999999
      ],
      [
       76.34400000000001,
       9.883999999999999
      ],
      [
       76.34400000000001,
       9.893
      ],
      [
       76.33500000000001,
       9.893
      ],
      [
       76.33500000000001,
       9.883999999999999
      ]
     ]
    ]
   }
  },
  {
   "type": "Feature",
   "properties": {
    "ward_id": 23016,
    "name": "Zone 23-16",
    "heat_stress": 0.060136084279902954,
    "lst_anom": 0.2106021949875902,
    "people": 1890.2940036656737
   },
   "geometry": {
    "type": "Polygon",
    "coordinates": [
     [
      [
       76.34400000000001,
       9.883999999999999
      ],
      [
       76.35300000000001,
       9.883999999999999
      ],
      [
       76.35300000000001,
       9.893
      ],
      [
       76.34400000000001,
       9.893
      ],
      [
       76.34400000000001,
       9.883999999999999
      ]
     ]
    ]
   }
  },
  {
   "type": "Feature",
   "properties": {
    "ward_id": 23017,
    "name": "Zone 23-17",
    "heat_stress": 0.055735843057908185,
    "lst_anom": 0.4117395678628261,
    "people": 1726.7365530320048
   },
   "geometry": {
    "type": "Polygon",
    "coordinates": [
     [
      [
       76.35300000000001,
       9.883999999999999
      ],
      [
       76.36200000000001,
       9.883999999999999
      ],
      [
       76.36200000000001,
       9.893
      ],
      [
       76.35300000000001,
       9.893
      ],
      [
       76.35300000000001,
       9.883999999999999
      ]
     ]
    ]
   }
  },
  {
   "type": "Feature",
   "properties": {
    "ward_id": 23018,
    "name": "Zone 23-18",
    "heat_stress": 0.06336563222096697,
    "lst_anom": 0.6448916868826229,
    "people": 1540.6281694234387
   },
   "geometry": {
    "type": "Polygon",
    "coordinates": [
     [
      [
       76.36200000000001,
       9.883999999999999
      ],
      [
       76.37100000000001,
       9.883999999999999
      ],
      [
       76.37100000000001,
       9.893
      ],
      [
       76.36200000000001,
       9.893
      ],
      [
       76.36200000000001,
       9.883999999999999
      ]
     ]
    ]
   }
  },
  {
   "type": "Feature",
   "properties": {
    "ward_id": 23019,
    "name": "Zone 23-19",
    "heat_stress": 0.07514993617434536,
    "lst_anom": 1.0210504043891158,
    "people": 1698.9124278452553
   },
   "geometry": {
    "type": "Polygon",
    "coordinates": [
     [
      [
       76.371,
       9.883999999999999
      ],
      [
       76.38000000000001,
       9.883999999999999
      ],
      [
       76.38000000000001,
       9.893
      ],
      [
       76.371,
       9.893
      ],
      [
       76.371,
       9.883999999999999
      ]
     ]
    ]
   }
  },
  {
   "type": "Feature",
   "properties": {
    "ward_id": 23020,
    "name": "Zone 23-20",
    "heat_stress": 0.09576293425764883,
    "lst_anom": 1.4550486165744692,
    "people": 1974.8057781118698
   },
   "geometry": {
    "type": "Polygon",
    "coordinates": [
     [
      [
       76.38,
       9.883999999999999
      ],
      [
       76.38900000000001,
       9.883999999999999
      ],
      [
       76.38900000000001,
       9.893
      ],
      [
       76.38,
       9.893
      ],
      [
       76.38,
       9.883999999999999
      ]
     ]
    ]
   }
  },
  {
   "type": "Feature",
   "properties": {
    "ward_id": 23021,
    "name": "Zone 23-21",
    "heat_stress": 0.07806939302233676,
    "lst_anom": 1.5637149833122979,
    "people": 1585.2437241998741
   },
   "geometry": {
    "type": "Polygon",
    "coordinates": [
     [
      [
       76.389,
       9.883999999999999
      ],
      [
       76.39800000000001,
       9.883999999999999
      ],
      [
       76.39800000000001,
       9.893
      ],
      [
       76.389,
       9.893
      ],
      [
       76.389,
       9.883999999999999
      ]
     ]
    ]
   }
  },
  {
   "type": "Feature",
   "properties": {
    "ward_id": 23022,
    "name": "Zone 23-22",
    "heat_stress": 0.06653185531758722,
    "lst_anom": 1.7240182264753778,
    "people": 316.64352050309793
   },
   "geometry": {
    "type": "Polygon",
    "coordinates": [
     [
      [
       76.398,
       9.883999999999999
      ],
      [
       76.3998,
       9.883999999999999
      ],
      [
       76.3998,
       9.893
      ],
      [
       76.398,
       9.893
      ],
      [
       76.398,
       9.883999999999999
      ]
     ]
    ]
   }
  },
  {
   "type": "Feature",
   "properties": {
    "ward_id": 24000,
    "name": "Zone 24-0",
    "heat_stress": 0.0,
    "lst_anom": -3.5663635606806205,
    "people": 2.495719483393308
   },
   "geometry": {
    "type": "Polygon",
    "coordinates": [
     [
      [
       76.2,
       9.880399999999998
      ],
      [
       76.209,
       9.880399999999998
      ],
      [
       76.209,
       9.884
      ],
      [
       76.2,
       9.884
      ],
      [
       76.2,
       9.880399999999998
      ]
     ]
    ]
   }
  },
  {
   "type": "Feature",
   "properties": {
    "ward_id": 24001,
    "name": "Zone 24-1",
    "heat_stress": 0.0,
    "lst_anom": -3.498389705328067,
    "people": 1.9209409043571046
   },
   "geometry": {
    "type": "Polygon",
    "coordinates": [
     [
      [
       76.209,
       9.880399999999998
      ],
      [
       76.218,
       9.880399999999998
      ],
      [
       76.218,
       9.884
      ],
      [
       76.209,
       9.884
      ],
      [
       76.209,
       9.880399999999998
      ]
     ]
    ]
   }
  },
  {
   "type": "Feature",
   "properties": {
    "ward_id": 24002,
    "name": "Zone 24-2",
    "heat_stress": 0.0,
    "lst_anom": -3.5733837046436685,
    "people": 3.2222074821635243
   },
   "geometry": {
    "type": "Polygon",
    "coordinates": [
     [
      [
       76.218,
       9.880399999999998
      ],
      [
       76.227,
       9.880399999999998
      ],
      [
       76.227,
       9.884
      ],
      [
       76.218,
       9.884
      ],
      [
       76.218,
       9.880399999999998
      ]
     ]
    ]
   }
  },
  {
   "type": "Feature",
   "properties": {
    "ward_id": 24003,
    "name": "Zone 24-3",
    "heat_stress": 0.0,
    "lst_anom": -3.380012574196947,
    "people": 1.6897495029485525
   },
   "geometry": {
    "type": "Polygon",
    "coordinates": [
     [
      [
       76.227,
       9.880399999999998
      ],
      [
       76.236,
       9.880399999999998
      ],
      [
       76.236,
       9.884
      ],
      [
       76.227,
       9.884
      ],
      [
       76.227,
       9.880399999999998
      ]
     ]
    ]
   }
  },
  {
   "type": "Feature",
   "properties": {
    "ward_id": 24004,
    "name": "Zone 24-4",
    "heat_stress": 0.0,
    "lst_anom": -3.3201273170359915,
    "people": 1.3020134943123551
   },
   "geometry": {
    "type": "Polygon",
    "coordinates": [
     [
      [
       76.236,
       9.880399999999998
      ],
      [
       76.245,
       9.880399999999998
      ],
      [
       76.245,
       9.884
      ],
      [
       76.236,
       9.884
      ],
      [
       76.236,
       9.880399999999998
      ]
     ]
    ]
   }
  },
  {
   "type": "Feature",
   "properties": {
    "ward_id": 24005,
    "name": "Zone 24-5",
    "heat_stress": 0.0,
    "lst_anom": -3.2290096468265426,
    "people": 2.6480757730807087
   },
   "geometry": {
    "type": "Polygon",
    "coordinates": [
     [
      [
       76.245,
       9.880399999999998
      ],
      [
       76.254,
       9.880399999999998
      ],
      [
       76.254,
       9.884
      ],
      [
       76.245,
       9.884
      ],
      [
       76.245,
       9.880399999999998
      ]
     ]
    ]
   }
  },
  {
   "type": "Feature",
   "properties": {
    "ward_id": 24006,
    "name": "Zone 24-6",
    "heat_stress": 0.031003526196849738,
    "lst_anom": -1.1022432336590944,
    "people": 552.0445145302372
   },
   "geometry": {
    "type": "Polygon",
    "coordinates": [
     [
      [
       76.254,
       9.880399999999998
      ],
      [
       76.263,
       9.880399999999998
      ],
      [
       76.263,
       9.884
      ],
      [
       76.254,
       9.884
      ],
      [
       76.254,
       9.880399999999998
      ]
     ]
    ]
   }
  },
  {
   "type": "Feature",
   "properties": {
    "ward_id": 24007,
    "name": "Zone 24-7",
    "heat_stress": 0.04042917042835252,
    "lst_anom": -0.6460338721956763,
    "people": 753.5266508546101
   },
   "geometry": {
    "type": "Polygon",
    "coordinates": [
     [
      [
       76.263,
       9.880399999999998
      ],
      [
       76.272,
       9.880399999999998
      ],
      [
       76.272,
       9.884
      ],
      [
       76.263,
       9.884
      ],
      [
       76.263,
       9.880399999999998
      ]
     ]
    ]
   }
  },
  {
   "type": "Feature",
   "properties": {
    "ward_id": 24008,
    "name": "Zone 24-8",
    "heat_stress": 0.026533746338878596,
    "lst_anom": -0.6707390711703466,
    "people": 559.7563236452157
   },
   "geometry": {
    "type": "Polygon",
    "coordinates": [
     [
      [
       76.272,
       9.880399999999998
      ],
      [
       76.281,
       9.880399999999998
      ],
      [
       76.281,
       9.884
      ],
      [
       76.272,
       9.884
      ],
      [
       76.272,
       9.880399999999998
      ]
     ]
    ]
   }
  },
  {
   "type": "Feature",
   "properties": {
    "ward_id": 24009,
    "name": "Zone 24-9",
    "heat_stress": 0.039330930230261726,
    "lst_anom": -0.34538321540597694,
    "people": 685.619555746255
   },
   "geometry": {
    "type": "Polygon",
    "coordinates": [
     [
      [
       76.281,
       9.880399999999998
      ],
      [
       76.29,
       9.880399999999998
      ],
      [
       76.29,
       9.884
      ],
      [
       76.281,
       9.884
      ],
      [
       76.281,
       9.880399999999998
      ]
     ]
    ]
   }
  },
  {
   "type": "Feature",
   "properties": {
    "ward_id": 24010,
    "name": "Zone 24-10",
    "heat_stress": 0.04971162300757687,
    "lst_anom": -0.1955915812875009,
    "people": 786.5621275552181
   },
   "geometry": {
    "type": "Polygon",
    "coordinates": [
     [
      [
       76.29,
       9.880399999999998
      ],
      [
       76.299,
       9.880399999999998
      ],
      [
       76.299,
       9.884
      ],
      [
       76.29,
       9.884
      ],
      [
       76.29,
       9.880399999999998
      ]
     ]
    ]
   }
  },
  {
   "type": "Feature",
   "properties": {
    "ward_id": 24011,
    "name": "Zone 24-11",
    "heat_stress": 0.04360341347382604,
    "lst_anom": -0.10821736609951202,
    "people": 678.4681285908121
   },
   "geometry": {
    "type": "Polygon",
    "coordinates": [
     [
      [
       76.299,
       9.880399999999998
      ],
      [
       76.308,
       9.880399999999998
      ],
      [
       76.308,
       9.884
      ],
      [
       76.299,
       9.884
      ],
      [
       76.299,
       9.880399999999998
      ]
     ]
    ]
   }
  },
  {
   "type": "Feature",
   "properties": {
    "ward_id": 24012,
    "name": "Zone 24-12",
    "heat_stress": 0.05030871234017099,
    "lst_anom": -0.03149305360769215,
    "people": 777.9961534482363
   },
   "geometry": {
    "type": "Polygon",
    "coordinates": [
     [
      [
       76.308,
       9.880399999999998
      ],
      [
       76.31700000000001,
       9.880399999999998
      ],
      [
       76.31700000000001,
       9.884
      ],
      [
       76.308,
       9.884
      ],
      [
       76.308,
       9.880399999999998
      ]
     ]
    ]
   }
  },
  {
   "type": "Feature",
   "properties": {
    "ward_id": 24013,
    "name": "Zone 24-13",
    "heat_stress": 0.04974219405979696,
    "lst_anom": -0.1030851393385879,
    "people": 742.9301092081053
   },
   "geometry": {
    "type": "Polygon",
    "coordinates": [
     [
      [
       76.31700000000001,
       9.880399999999998
      ],
      [
       76.32600000000001,
       9.880399999999998
      ],
      [
       76.32600000000001,
       9.884
      ],
      [
       76.31700000000001,
       9.884
      ],
      [
       76.31700000000001,
       9.880399999999998
      ]
     ]
    ]
   }
  },
  {
   "type": "Feature",
   "properties": {
    "ward_id": 24014,
    "name": "Zone 24-14",
    "heat_stress": 0.031982366752336386,
    "lst_anom": -0.28459552079499406,
    "people": 616.7630497639077
   },
   "geometry": {
    "type": "Polygon",
    "coordinates": [
     [
      [
       76.32600000000001,
       9.880399999999998
      ],
      [
       76.33500000000001,
       9.880399999999998
      ],
      [
       76.33500000000001,
       9.884
      ],
      [
       76.32600000000001,
       9.884
      ],
      [
       76.32600000000001,
       9.880399999999998
      ]
     ]
    ]
   }
  },
  {
   "type": "Feature",
   "properties": {
    "ward_id": 24015,
    "name": "Zone 24-15",
    "heat_stress": 0.04158413169727858,
    "lst_anom": 0.021493452413204467,
    "people": 623.8111148189637
   },
   "geometry": {
    "type": "Polygon",
    "coordinates": [
     [
      [
       76.33500000000001,
       9.880399999999998
      ],
      [
       76.34400000000001,
       9.880399999999998
      ],
      [
       76.34400000000001,
       9.884
      ],
      [
       76.33500000000001,
       9.884
      ],
      [
       76.33500000000001,
       9.880399999999998
      ]
     ]
    ]
   }
  },
  {
   "type": "Feature",
   "properties": {
    "ward_id": 24016,
    "name": "Zone 24-16",
    "heat_stress": 0.08304257613190465,
    "lst_anom": 0.5043503382534702,
    "people": 824.4285732375035
   },
   "geometry": {
    "type": "Polygon",
    "coordinates": [
     [
      [
       76.34400000000001,
       9.880399999999998
      ],
      [
       76.35300000000001,
       9.880399999999998
      ],
      [
       76.35300000000001,
       9.884
      ],
      [
       76.34400000000001,
       9.884
      ],
      [
       76.34400000000001,
       9.880399999999998
      ]
     ]
    ]
   }
  },
  {
   "type": "Feature",
   "properties": {
    "ward_id": 24017,
    "name": "Zone 24-17",
    "heat_stress": 0.06936639729394233,
    "lst_anom": 0.5802335986920439,
    "people": 784.4291493160988
   },
   "geometry": {
    "type": "Polygon",
    "coordinates": [
     [
      [
       76.35300000000001,
       9.880399999999998
      ],
      [
       76.36200000000001,
       9.880399999999998
      ],
      [
       76.36200000000001,
       9.884
      ],
      [
       76.35300000000001,
       9.884
      ],
      [
       76.35300000000001,
       9.880399999999998
      ]
     ]
    ]
   }
  },
  {
   "type": "Feature",
   "properties": {
    "ward_id": 24018,
    "name": "Zone 24-18",
    "heat_stress": 0.06824451396385904,
    "lst_anom": 0.893505991755823,
    "people": 650.0686345440552
   },
   "geometry": {
    "type": "Polygon",
    "coordinates": [
     [
      [
       76.36200000000001,
       9.880399999999998
      ],
      [
       76.37100000000001,
       9.880399999999998
      ],
      [
       76.37100000000001,
       9.884
      ],
      [
       76.36200000000001,
       9.884
      ],
      [
       76.36200000000001,
       9.880399999999998
      ]
     ]
    ]
   }
  },
  {
   "type": "Feature",
   "properties": {
    "ward_id": 24019,
    "name": "Zone 24-19",
    "heat_stress": 0.06811271098318902,
    "lst_anom": 0.9499614269900315,
    "people": 695.1973136079798
   },
   "geometry": {
    "type": "Polygon",
    "coordinates": [
     [
      [
       76.371,
       9.880399999999998
      ],
      [
       76.38000000000001,
       9.880399999999998
      ],
      [
       76.38000000000001,
       9.884
      ],
      [
       76.371,
       9.884
      ],
      [
       76.371,
       9.880399999999998
      ]
     ]
    ]
   }
  },
  {
   "type": "Feature",
   "properties": {
    "ward_id": 24020,
    "name": "Zone 24-20",
    "heat_stress": 0.09312297433091946,
    "lst_anom": 1.6640486854893153,
    "people": 783.9099409203714
   },
   "geometry": {
    "type": "Polygon",
    "coordinates": [
     [
      [
       76.38,
       9.880399999999998
      ],
      [
       76.38900000000001,
       9.880399999999998
      ],
      [
       76.38900000000001,
       9.884
      ],
      [
       76.38,
       9.884
      ],
      [
       76.38,
       9.880399999999998
      ]
     ]
    ]
   }
  },
  {
   "type": "Feature",
   "properties": {
    "ward_id": 24021,
    "name": "Zone 24-21",
    "heat_stress": 0.07886643706089058,
    "lst_anom": 1.8730350467311438,
    "people": 554.0773119503281
   },
   "geometry": {
    "type": "Polygon",
    "coordinates": [
     [
      [
       76.389,
       9.880399999999998
      ],
      [
       76.39800000000001,
       9.880399999999998
      ],
      [
       76.39800000000001,
       9.884
      ],
      [
       76.389,
       9.884
      ],
      [
       76.389,
       9.880399999999998
      ]
     ]
    ]
   }
  },
  {
   "type": "Feature",
   "properties": {
    "ward_id": 24022,
    "name": "Zone 24-22",
    "heat_stress": 0.0907832049256628,
    "lst_anom": 2.1188905409450336,
    "people": 136.80658556547004
   },
   "geometry": {
    "type": "Polygon",
    "coordinates": [
     [
      [
       76.398,
       9.880399999999998
      ],
      [
       76.3998,
       9.880399999999998
      ],
      [
       76.3998,
       9.884
      ],
      [
       76.398,
       9.884
      ],
      [
       76.398,
       9.880399999999998
      ]
     ]
    ]
   }
  }
 ]
}